question,A,B,C,D,E,answer,parse,model_output,correctness
健脾养胃颗粒适用于哪些中医证候,瘀阻膀胱证,脾虚食积证,风热侵袭,脾阴虚证,寒湿凝滞证,B,该方剂中医证候为脾虚食积证,D,0
养血清脑颗粒治疗哪些中医证候,火毒内蕴证,肺肾两虚,余热未清证,阴虚血瘀证,肝肾阴虚,E,该方剂中医证候为肝肾阴虚、血虚肝旺证、风痰瘀阻证、内伤头痛证,D,0
五福化毒丸与哪些靶点基因相关,STK33,PCSK4,PIK3C2B,KDM5C,YWHAG,E,该方剂靶点基因为YWHAG，PLCG1，EBP，SRD5A2，PDPK1，PDPK1，PDPK1，PDPK1，PDPK1，PDPK1，PDPK1，PRKAB1，HTR1B，HTR1D，HTR1E，HTR1F，HTR2A，HTR2B，HTR2C，HTR3A等。,A,0
健身安胎丸治疗哪些西医疾病,产褥热,感冒,强直性脊柱炎引起,疱疹性皮炎,扁平疣,D,该方剂西医疾病为疱疹性皮炎、单纯性表皮松解症、甲状旁腺功能亢进症、肾炎/骨质疏松症、上前牙突出导致的错颌畸形、多发性脂肪囊肿、乌平顿病、新型冠状病毒肺炎、低钙高钙血症、遗传性角化性皮炎、Li-Fraumeni综合征、霍纳综合征、三毛症、伴有免疫异常的主动脉钙化症、免疫缺陷伴有白细胞和淋巴细胞功能缺陷以及对组胺-1拮抗剂的反应、脾肿大、失聪、脂肪性水肿,C,0
乌鸡白凤片适用于哪些中医疾病,咳逆,脱疽,喑痱,梦遗,崩漏,E,该方剂中医疾病为崩漏，带下,E,1
珍珠灵芝片治疗哪些中医疾病,耳胀,温病,癔病,错语,失眠,E,该方剂中医疾病为溃疡，不寐，眩晕，失眠,E,1
苏菲咳糖浆适用于哪些中医疾病,滑精,产后出血,针眼,哮病,月经前后诸证,D,该方剂中医疾病为哮病，喘病，咳嗽，哮喘,D,1
寒湿痹片适用于哪些西医疾病,哮喘,肢体运动障碍,预防化疗所致静脉炎,脱水型遗传性口腔粘膜细胞增多症,慢性丙型肝炎肝硬化,D,该方剂西医疾病为关节痛、骨关节炎、类风湿关节炎、单纯性表皮松解症、巨球蛋白血症、肾炎/骨质疏松症、上前牙突出导致的错颌畸形、牛皮癣、多发性脂肪囊肿、网状色素性皮肤病、新型冠状病毒肺炎、低钙高钙血症、疣状角化症、遗传性角化性皮炎、Li-Fraumeni综合征、霍纳综合征、脱水型遗传性口腔粘膜细胞增多症、免疫缺陷伴有白细胞和淋巴细胞功能缺陷以及对组胺-1拮抗剂的反应、脾肿大、失聪、脂肪性水肿,E,0
小儿肝炎颗粒适用于哪些中医疾病,中暑,油风,附骨疽,黄疸,梦遗,D,该方剂中医疾病为黄疸，腹胀，胁痛，呕吐，发热,D,1
清金止嗽西瓜膏治疗哪些中医证候,湿热下注证,风热疫毒证,心热阴虚证,痰瘀互结证,肺经燥热证,E,该方剂中医证候为肺燥郁热证、肺经燥热证,C,0
抗病毒胶囊适用于哪些西医疾病,抗精神病药物引起的水肿。,脑淀粉样血管病,药物流产不全,脾肿大,口腔扁平苔癣,D,该方剂西医疾病为范布赫姆病、伴有免疫异常的主动脉钙化症、青光眼、骨溶解、神经元病变、球形红细胞增多症、多发性脂肪囊肿、新型冠状病毒肺炎、低钙高钙血症、遗传性角化性皮炎、半骺发育不良伴软骨瘤和骨软骨瘤、霍纳综合征、穆尔-托雷综合征、肝硬化、角膜炎、抗磷脂综合征、脾肿大、失聪,C,0
心达康片治疗哪些西医疾病,病毒性心肌炎,糖尿病肾病并慢性肾衰竭,羟考酮所致便秘,前轴缺陷,原发性肝癌,A,该方剂西医疾病为病毒性心肌炎、高原心脏病、高血压、瘀血闭阻引起的肺源性心脏病,A,1
天王补心片适用于哪些中医疾病,行经头痛,失眠,慢喉痹,阴蚀,食积,B,该方剂中医疾病为失眠，健忘，心悸,B,1
牛黄清热胶囊含有哪些中药材,独脚莲,黄连,马钱子粉,呋喃唑酮,冬瓜皮,B,该方剂处方为黄连、黄芩、栀子、郁金、寒水石、牛黄、水牛角、琥珀、玳瑁、朱砂、冰片,A,0
清火桅麦胶囊与哪些靶点基因相关,GPX5,PLCG1,PADI6,SGR_RS28980,HADHA,B,该方剂靶点基因为PLCG1，PRKAB1，ACHE，ADA，ADK，ADORA1，ADORA2A，ADORA2B，ADORA2A，ADORA3，AHCY，CD38，AKR1C1，AKR1C3，ALK，ADRA1A，ADRA1D，AMY1B，APP，AR等。,A,0
活心丸包含哪些中药材,骨质,冰片,松罗茶,冬瓜,全蝎,B,该方剂处方为灵芝、麝香、熊胆、红花、牛黄、珍珠、人参、蟾酥、附子、冰片,B,1
胃宁散含有哪些中药材,白勺,紫珠叶提取物,麦芽,蜘蛛,芒果叶干浸膏,C,该方剂处方为麦芽、龙胆、碳酸氢钠、三硅酸镁、颠茄流浸膏、薄荷脑,A,0
补肾强身胶囊与哪些靶点基因相关,PLK4,FTL,SLC22A6,ANXA1,GAMT,C,该方剂靶点基因为HSD17B7，SRD5A2，HTR1B，HTR1D，HTR2B，HTR2C，HTR6，ACHE，ACVR1B，ACVR1，ADORA1，ADORA2A，ADORA2A，ADORA3，ADCY10，CD38，ALB，ALDH2，AOX1，ALPG等。,A,0
复方乌鸡酒包含哪些中药材,香排草,落新妇提取物,马来酸氯苯钠敏,益母草流浸膏,黄精,D,该方剂处方为乌鸡、当归、桑寄生、大枣、黄精、益母草流浸膏,E,0
柏子滋心丸含有哪些中药材,柏子仁,石韦,银线莲,白及,小驳骨,A,该方剂处方为柏子仁、玄参、熟地黄、枸杞子、炙甘草、当归、石菖蒲、麦冬、茯苓,A,1
复方蛤青片中臣药是哪些,土木香,苦杏仁,荜芨,细辛,一点红,B,该方剂君臣佐使为君药：黄芪；臣药：苦杏仁、干蟾、紫菀、白果；佐药：南五味子、附子、前胡、胡椒,B,1
银翘解毒蜜丸治疗哪些中医疾病,积滞,口糜,惊悸,感冒,痧胀,D,该方剂中医疾病为感冒，发热，头痛，咳嗽,D,1
胆酸止咳片适用于哪些中医疾病,咳嗽,脉痹,子眩,噎膈,失音,A,该方剂中医疾病为咳嗽，感冒,A,1
香苏正胃丸与哪些靶点基因相关,ABCG2,CTH,NR2F2,SUCLG2,CYP24A1,E,该方剂靶点基因为CYP24A1，PLCG1，CYP27B1，EBP，SRD5A2，PDPK1，PDPK1，PDPK1，PDPK1，PDPK1，PDPK1，PDPK1，PRKAB1，HTR1B，HTR1D，HTR1E，HTR1F，HTR2A，HTR2B，HTR2C等。,A,0
固肠胶囊中臣药是哪些,光明盐,半边莲,茼麻子,黄柏,赤小豆,D,该方剂君臣佐使为君药：肉豆蔻、乌梅；臣药：吴茱萸、黄连、黄柏、花椒；佐药：六神曲、赤石脂、五倍子、厚朴,C,0
归麻止痛膏治疗哪些中医证候,湿热蕴肤证,风寒湿凝滞筋骨证,风热血热证,胸阳不振痰气互结之胸痹,损筋骨证,B,该方剂中医证候为伤损筋骨证、风湿证、风寒湿凝滞筋骨证,D,0
强力宁片与哪些靶点基因相关,COMT,SIRT3,TUBB4B,CHRM4,SRD5A2,E,该方剂靶点基因为SRD5A2，HTR7，DHCR7，ACHE，ADORA1，ADRA1A，ADRA1D，AR，ACE，CYP19A1，CYP19A1，AURKB，BCL2L1，ADRB1，ADRB2，ADRB3，NR1H4，ABCG2，CA12，CA14等。,D,0
四方胃胶囊治疗哪些中医证候,邪入心包证,血虚风盛证,气血虚弱证,肺虚证,肝胃不和证,E,该方剂中医证候为肝胃不和证,E,1
祁门蛇药片治疗哪些西医疾病,抗肿瘤,糖尿病肾病及糖尿病足,乙型肝炎肝硬化,周围神经病变,胸腔内胃扭转,E,该方剂西医疾病为心肌病、牙釉质发育不全症、软腭裂、髋关节发育不良、肌肉萎缩症、神经元病变、瘙痒、多发性脂肪囊肿、幽门狭窄、遗传性角化性皮炎、三毛症、甲状腺肿、霍纳综合征、胸腔内胃扭转、失聪、脂肪性水肿,D,0
拨云锭治疗哪些西医疾病,小儿中毒性肠麻痹,46xy性别逆转,慢性精神分裂症,小儿肠系膜淋巴结炎,前列腺炎,B,"该方剂西医疾病为骨痛、肾炎/骨质疏松症、神经元病变、46,XX男性性别逆转综合征、布朗特疾病、乌平顿病、46xy性别逆转、肝腺瘤、低钙高钙血症、垂直距骨、半骺发育不良伴软骨瘤和骨软骨瘤、伊贺肾病、远端骨硬化、霍纳综合征、伯纳德-苏利尔综合征、脾肿大、失聪",A,0
狼疮丸与哪些靶点基因相关,VEGFA,CASP14,APAF1,CHRNA7,PDE7B,A,该方剂靶点基因为YWHAG，PLCG1，PLCG2，RNASEL，EBP，SRD5A2，PDPK1，PDPK1，PDPK1，PDPK1，PDPK1，PDPK1，PDPK1，PRKAB1，HTR1B，HTR1D，HTR1E，HTR1F，HTR2A，HTR2B等。,A,1
排石利胆颗粒具有哪些功效,清热利水,清热利便,固表和营,消积化滞,舒肝理气,E,该方剂功效为舒肝理气，利胆排石,A,0
肿痛安胶囊具有哪些功效,疏风散热,镇肝潜阳,益精填髓,息风止痛,消肿定痛,E,该方剂功效为祛风化痰，行瘀散结，消肿定痛,E,1
肾炎舒颗粒适用于哪些中医证候,风寒犯头证,风湿热证,水湿内停证,脾胃积热证,风寒湿邪痹阻证,C,该方剂中医证候为水湿内停证、脾肾阳虚证,C,1
蚕蛾公补片治疗哪些中医疾病,银屑病,皮肤病,温病,伤暑,早泄,E,该方剂中医疾病为阳痿，不孕，性冷，早泄,E,1
生血宝合剂含有哪些中药材,蔊菜,山葡萄藤,桑葚,银花,功劳木提取物,C,该方剂处方为制何首乌、黄芪、女贞子、桑葚、墨旱莲、白芍、狗脊,E,0
复方仙鹤草肠炎胶囊含有哪些中药材,石菖蒲,土木香,滇鸡血藤膏粉,膜叶槌果藤,润喉散,A,该方剂处方为仙鹤草、黄连、木香、石菖蒲、蝉蜕、桔梗,C,0
麻黄止嗽丸适用于哪些中医疾病,咳嗽,早衰症,腹痛,恶露不尽,喘促,A,该方剂中医疾病为鼻塞，咳嗽，感冒,A,1
肺气肿片具有哪些功效,开窍定惊,解肌退热,活血化瘀,解痛,清热化痰止嗽,C,该方剂功效为补肾益气，活血化瘀，止咳祛痰,E,0
益髓冲剂具有哪些功效,开窍止痛,益精填髓,和胃固卫,止痛消瘀,息风定痫,B,该方剂功效为益精填髓，补肾壮阳,B,1
损伤止痛膏治疗哪些中医证候,热毒证,肝郁肾虚证,心胆虚怯证,暑湿袭表证,伤损筋骨证,E,该方剂中医证候为伤损筋骨证、瘀滞筋骨证、风寒湿凝滞筋骨证,E,1
蠲哮片的类别是什么,止咳平喘剂,止泻剂,养血生发,泻下药,理气药,A,该方剂类别为止咳平喘剂,E,0
复方荆芥熏洗剂的类别是哪些,疗伤止痛,安神剂,化痰药,疮疡消药,清热消痤,D,该方剂类别为疮疡消药,D,1
麝香风湿跌打膏与哪些靶点基因相关,ACVR1,SCN4B,HI_1317,KDM1B,ABCG2,E,该方剂靶点基因为CYP24A1，PLCG1，CYP27B1，EBP，SRD5A2，PRKAB1，HTR1B，HTR1D，HTR1E，HTR2B，HTR2C，HTR6，HTR7，DHCR7，ACHE，LYPLA1，LYPLA2，ADA，ADK，ADORA1等。,A,0
扶正化瘀胶囊治疗哪些中医证候,心肝阴虚证,心阴虚证,上盛下虚证,肾经证,瘀血阻络证,E,该方剂中医证候为肝肾不足证、瘀血阻络证,E,1
上清胶囊具有哪些功效,清热燥湿止泻,利湿通窍,追风祛湿,清热散风,生津止泻,D,该方剂功效为清热散风，解毒，通便,D,1
清热八味丸与哪些靶点基因相关,cIAP1-BIR3,VC1968,PLCG1,GLO1,NPEPPS,C,该方剂靶点基因为PLCG1，SRD5A2，PRKAB1，HTR1B，HTR1D，HTR2B，HTR2C，HTR6，HTR7，DHCR7，CHRNA1，CHRND，ACHE，ADA，ADK，ADORA1，ADORA2A，ADORA2B，ADORA2A，ADORA3等。,C,1
肝脾康胶囊与哪些靶点基因相关,GSTA2,TK1,CCR8,SLC6A7,DOT1L,E,该方剂靶点基因为YWHAG，PLCG1，PLCG2，RNASEL，SRD5A2，PDPK1，PDPK1，PDPK1，PDPK1，PDPK1，PDPK1，PDPK1，PRKAB1，HTR1B，HTR1D，HTR1E，HTR1F，HTR2B，HTR2C，HTR3A等。,A,0
鼻炎灵片治疗哪些中医证候,痰蒙清窍证,邪热壅结证,肾气亏虚证,胞宫寒湿证,暑湿感冒证,B,该方剂中医证候为邪热壅结证、风热犯鼻证、风热犯肺证、肺经风热证,A,0
玉泉胶囊与哪些靶点基因相关,HAPLN1,AGL,GLA,SLC6A9,PHB2,B,该方剂靶点基因为YWHAG，PLCG1，PLCG2，RNASEL，EBP，SRD5A2，PDPK1，PDPK1，PDPK1，PDPK1，PDPK1，PDPK1，PDPK1，PRKAB1，HTR1B，HTR1D，HTR1E，HTR1F，HTR2A，HTR2B等。,A,0
小儿牛黄清心散治疗哪些中医疾病,小儿蛔虫病,经量过少,昏迷,更年期综合征,发背,C,该方剂中医疾病为昏迷，急惊风，抽搐,C,1
抗栓胶囊具有哪些功效,解郁宽胸,滋养心阴,活血化瘀,散郁调经,驱风除湿,C,该方剂功效为活血化瘀，抗栓通脉,C,1
心力丸中君药是哪些,千年健,想木,黄瓜子,人参,蝼蛄,D,该方剂君臣佐使为君药：附片、人参；臣药：蟾酥、麝香；佐药：红花、附片、灵芝、牛黄、人参、珍珠、冰片,D,1
清脑安神丸的类别是什么,安神药,表里双解剂,泻下药,活血通脉,清热通窍,A,该方剂类别为安神药,A,1
断血流颗粒适用于哪些西医疾病,免疫性血小板减少性紫癜,胃及十二指肠溃疡,甲亢术后手足搐搦症,失血性休克及冠心病,智力迟钝,A,该方剂西医疾病为免疫性血小板减少性紫癜、流产后出血，口腔出血、功能失调性子宫出血,A,1
胃尔康片中佐药是哪些,木鳖子,草豆蔻,木香,桃枝,刺五加,C,该方剂君臣佐使为君药：党参；臣药：天花粉、五味子、乌梅；佐药：马钱子、木香、山楂,C,1
四季三黄片具有哪些功效,温阳祛痰,收缩痔核,养阴补血,消炎退热,发痉止痛,D,该方剂功效为消炎退热，通便利水,D,1
杞菊地黄片与哪些靶点基因相关,HSD3B1,KDM5D,PLCG1,HSD17B1,NUDT9,C,该方剂靶点基因为PLCG1，EBP，SRD5A2，PRKAB1，HTR1B，HTR1D，HTR1E，HTR1F，HTR2A，HTR2B，HTR2C，HTR3A，HTR6，HTR7，PGD，PLA2G6，CHRNA1，CHRND，ACHE，ADA等。,A,0
牛黄蛇胆川贝散滴丸中君药是哪些,松节油,牛黄,苦木,猪牙皂,降香,B,该方剂君臣佐使为君药：牛黄；臣药：川贝母；佐药：蛇胆汁；使药：薄荷脑,B,1
愈肝片适用于哪些中医证候,精气不足证,血亏证,肝胆湿热证,上攻咽喉证,热毒证,C,该方剂中医证候为肝胆湿热证,C,1
小柴胡片具有哪些功效,清热降火,祛湿止痛,抑菌,和解少阳,温中化湿,D,该方剂功效为解表散热，和解少阳,D,1
清凉丹适用于哪些中医疾病,痴呆,温毒发斑,痿症,褥疮,晕动病,E,该方剂中医疾病为晕动病,B,0
镇肝熄风汤包含哪些中药材,茵陈,龙胆浸膏,乌药,蛇葡萄,百部,A,该方剂处方为怀牛膝、生赭石、生龙骨、生牡蛎、龟板、杭芍、玄参、天冬、川楝子、麦芽、茵陈、甘草,D,0
玉泉丸中君药是哪些,鲜松叶,肉豆蔻,葛根,半夏曲,自然铜,C,该方剂君臣佐使为君药：葛根；臣药：天花粉、生地；佐药：五味子、麦冬；使药：甘草,A,0
感冒舒颗粒中君药是哪些,栀子,当药,大戟,连翘,白石脂,D,该方剂君臣佐使为君药：大青叶、连翘；臣药：荆芥、薄荷、防风、白芷；佐药：牛蒡子、桔梗；使药：甘草,D,1
贝羚胶囊中臣药是哪些,黄连素,硼砂,当药,皂矾,硒砂,B,该方剂君臣佐使为君药：川贝母、羚羊角；臣药：人工天竺黄、硼砂；使药：沉香、麝香,C,0
岩果止咳液的类别是什么,安神药,止咳平喘剂,补肾壮骨,祛暑剂,清肠化痔,B,该方剂类别为止咳平喘剂,B,1
玉露保肺丸与哪些靶点基因相关,CYP2C9,ITPKA,LGALS8,ADRA1A,GLRX2,D,该方剂靶点基因为PLCG1，SRD5A2，PDPK1，PDPK1，PDPK1，PDPK1，PDPK1，PDPK1，PDPK1，PRKAB1，HTR1B，HTR1D，HTR1E，HTR2B，HTR2C，HTR3A，HTR6，HTR7，DHCR7，ACHE等。,C,0
速克感冒片适用于哪些中医疾病,鼻衄,白血病,血证,耳疮,风温,E,该方剂中医疾病为风温，感冒,E,1
维肤康乳膏含有哪些中药材,人参果实提取的总皂甙,丁香油,地稔,硼砂,绒楠,D,该方剂处方为硫磺、硼砂,A,0
金泽冠心片治疗哪些西医疾病,黑皮病,睡惊症,脾肿大,乳腺癌-卵巢癌,甘露糖结合凝集素缺乏症,E,该方剂西医疾病为甘露糖结合凝集素缺乏症、肺纤维化、腹部肥胖-代谢综合征、免疫缺陷伴有白细胞和淋巴细胞功能缺陷以及对组胺-1拮抗剂的反应、神经元病变、乌平顿病、幽门狭窄、脑动静脉畸形、牙齿排列不齐，伴或不伴有乳牙发育不全/孤颌症、霍纳综合征、伯纳德-苏利尔综合征、抗磷脂综合征、脾肿大、主动脉瘤、失聪、红细胞增多症,E,1
屏风安心胶囊具有哪些功效,宣肺祛痰,化腐生肌,祛风通络,固表,解表退热,D,该方剂功效为益气，扶阳，固表,D,1
抗腮腺炎注射液适用于哪些中医疾病,口糜,风疹,产后腹痛,血证,气疝,B,该方剂中医疾病为风疹，小儿感冒，痄腮，发热，感冒,B,1
胃肠宁片与哪些靶点基因相关,ELANE,DNM1,BPI,P2RX4,EPHA6,A,该方剂靶点基因为ACHE，AR，CYP19A1，CYP19A1，NR1H4，CNR2，CA1，CA2，CA4，CTDSP1，CTSD，CISD1，BCHE，F10，CES2，HSD11B1，HSD11B2，CYP1B1，CYP2C9，CYP3A4等。,A,1
冠脉康片适用于哪些中医疾病,胁肋痛,顽癣,胸痹,胰腺癌,鱼鳞病,C,该方剂中医疾病为真心痛，胸痹,C,1
橘红痰咳颗粒适用于哪些中医疾病,喘病,慢喉痹,盗汗,精冷,外感头痛,A,该方剂中医疾病为喘病，咳嗽，感冒，气喘,B,0
益心口服液治疗哪些西医疾病,弱精症,寻常疣,接触性皮炎,过早搏动。,甲状腺功能低下,D,该方剂西医疾病为过早搏动。、青光眼、多发性脂肪囊肿、桥本甲状腺炎、新型冠状病毒肺炎、低钙高钙血症、Ige特应性反应性、遗传性角化性皮炎、自体免疫疾病、三毛症、垂直距骨、角膜营养不良症、霍纳综合征、角膜炎、抗磷脂综合征、四重单体、失聪、脂肪性水肿,D,1
藿香祛暑水与哪些靶点基因相关,PLCG1,ACVR1,PSMB1,VARS,EPHX2,A,该方剂靶点基因为PLCG1，EBP，SRD5A2，PDPK1，PDPK1，PDPK1，PDPK1，PDPK1，PDPK1，PDPK1，PRKAB1，HTR1B，HTR1D，HTR1E，HTR1F，HTR2A，HTR2B，HTR2C，HTR3A，HTR6等。,A,1
胆石清片治疗哪些西医疾病,肝腺瘤,便秘型肠易激综合征,药物流产不全,罗兰型癫痫,皮肤结节,A,"该方剂西医疾病为强迫症、上前牙突出导致的错颌畸形、动脉粥样硬化易感性、多发性脂肪囊肿、肝腺瘤、毛周角化性蚕豆病、指纹模式相关的表型异常、青光眼、46,XX男性性别逆转综合征、体重指数定量特征点1、高级睡眠期综合征、失聪、巨型水泥瘤、真皮皱褶、桡肘关节突、成髓不全症、霍纳综合征、重度情感障碍、身材矮小伴有非特异性骨骼异常",B,0
生血康口服液具有哪些功效,补气生血,镇惊通窍,敛汗,清肝利胆,清热泻火通便,A,该方剂功效为补气生血，健脾益肾，化瘀解毒,A,1
开郁顺气丸治疗哪些西医疾病,局部疼痛,小儿肠痉挛,新型冠状病毒肺炎,腰椎间盘突出症,稽留症,C,该方剂西医疾病为巨球蛋白血症、甲状旁腺功能亢进症、肾炎/骨质疏松症、多发性脂肪囊肿、乌平顿病、新型冠状病毒肺炎、低钙高钙血症、Li-Fraumeni综合征、三毛症、霍纳综合征、伴有免疫异常的主动脉钙化症、动脉粥样硬化易感性、免疫缺陷伴有白细胞和淋巴细胞功能缺陷以及对组胺-1拮抗剂的反应、高级睡眠期综合征、脾肿大、失聪、脂肪性水肿,D,0
疏肝益阳胶囊有哪些功效,补肾益肝,活血,除湿化痰,消散顺气,活血补肾,E,该方剂功效为疏肝解郁，活血补肾,A,0
复方桔梗止咳片的类别是什么,清肠化痔,驱虫剂,化痰药,疏风清热,化瘀明目,C,该方剂类别为化痰药,C,1
化瘀祛斑胶囊治疗哪些中医疾病,银屑病,喘促,喑痱,精冷,雀斑,E,该方剂中医疾病为酒糟鼻，粉刺，雀斑,E,1
久强脑立清丸治疗哪些中医疾病,脱臼,产后便秘,早产,舌痈,眩晕,E,该方剂中医疾病为头痛，眩晕，失眠，耳鸣,E,1
百艾洗液适用于哪些中医证候,阴疽,气虚证,湿热下注证,脾肾亏虚证,心阴虚证,C,该方剂中医证候为湿热下注证,C,1
醒脑降压丸中佐药是哪些,白及,桂枝,猪鬃草,油松节,雄黄,E,该方剂君臣佐使为君药：黄连、栀子、黄芩；臣药：珍珠母、玄精石、郁金、朱砂、冰片；佐药：零陵香、雄黄、辛夷,D,0
止咳片适用于哪些西医疾病,糖尿病足溃疡,流产后出血，口腔出血,精子膜尿激酶型纤溶酶原激活因子,长骨金刚瘤,扩张性心肌病心衰,D,该方剂西医疾病为急性支气管炎、慢性咳嗽、巨球蛋白血症、甘露糖结合凝集素缺乏症、多发性脂肪囊肿、幽门狭窄、桥本甲状腺炎、新型冠状病毒肺炎、低钙高钙血症、Li-Fraumeni综合征、三毛症、长骨金刚瘤、穆尔-托雷综合征、肝硬化、霍纳综合征、免疫缺陷伴有白细胞和淋巴细胞功能缺陷以及对组胺-1拮抗剂的反应、前列腺癌、失聪,B,0
复方岗稔片适用于哪些中医证候,湿热证,脾虚肠脱证,风热侵咽证,脾虚肝旺之痛泻,肝郁化火证,A,该方剂中医证候为湿热证、肝胆湿热证,D,0
金贝痰咳清颗粒含有哪些中药材,盐小茴香,桃金娘根提取物,漆姑草,碎骨木,桑白皮,E,该方剂处方为浙贝母、金银花、桑白皮、射干、前胡、桔梗、麻黄、炒苦杏仁、川芎、甘草,E,1
复方蛤蚧口服液包含哪些中药材,三七膏粉,合欢皮,草乌,蛤蚧,活性炭,D,该方剂处方为蛤蚧、黄芪、枸杞子、肉苁蓉、杜仲、黄精、狗脊、巴戟天、白术、白芍、熟地黄、茯苓、山药、党参、鸡,D,1
健脾糕片与哪些靶点基因相关,PLCG1,PPP2R5A,TM0306,NAGS,HSD17B11,A,该方剂靶点基因为PLCG1，PLCG2，EBP，SRD5A2，PDPK1，PDPK1，PDPK1，PDPK1，PDPK1，PDPK1，PDPK1，PRKAB1，HTR1B，HTR1D，HTR1E，HTR1F，HTR2A，HTR2B，HTR2C，HTR3A等。,A,1
妙济丸适用于哪些中医证候,气血虚痹,肝肾不足证,心肝火旺证,膀胱证证,邪陷心肝证,B,该方剂中医证候为肝肾不足证、风湿证,B,1
精制冠心口服液治疗哪些中医疾病,胸痹,疟母,鼻衄,胸痛,咳血,A,该方剂中医疾病为胸痹,A,1
草香胃康胶囊的类别是哪些,理气药,补益药,生肌敛疮,开音爽咽,补肾壮骨,A,该方剂类别为理气药,A,1
风寒咳嗽丸适用于哪些中医证候,脾气虚弱证,表里实热证,外感风寒证,气阴两亏证,风寒痹阻证,C,该方剂中医证候为外感风寒证、风寒束表证,C,1
固冲汤具有哪些功效,寒热平调,益气健脾,清热祛暑,镇痉定惊,散风活血,B,该方剂功效为固冲摄血，益气健脾,B,1
清火栀麦丸的类别是什么,化腐利咽,解毒利咽,化瘀明目,清热凉血,解毒利咽,B,该方剂类别为解毒利咽,D,0
金嗓散结丸治疗哪些中医证候,血虚寒厥证,热毒炽盛证,热淋证,肛门湿热证,肺经郁热证,B,该方剂中医证候为热毒蕴结证、气滞血瘀证、热毒炽盛证,E,0
伸筋丹胶囊治疗哪些中医疾病,乳积,丹毒,盆腔炎,血证,颈椎病,E,该方剂中医疾病为肩周炎，痹病，项痹，颈椎病,E,1
百梅止咳冲剂与哪些靶点基因相关,RNASE1,PLCG1,CAD,SHMT2,BHMT2,B,该方剂靶点基因为PLCG1，EBP，HSD17B7，SRD5A2，PDPK1，PDPK1，PDPK1，PDPK1，PDPK1，PDPK1，PDPK1，PRKAB1，HTR1B，HTR1D，HTR1E，HTR1F，HTR2A，HTR2B，HTR2C，HTR3A等。,A,0
健儿府积散包含哪些中药材,四方木皮,榧子,菠菜子,三棵针,火硝,B,该方剂处方为使君子肉、雷丸、苦楝皮、榧子、海螵蛸、小茴香、莲子、徐长卿、炉甘石、鸡内金,B,1
风湿祛痛胶囊包含哪些中药材,麻黄浸膏,大驳骨,制川乌,没药,黄凡士林,D,该方剂处方为川黄柏、苍术、威灵仙、鸡血藤、蜂房、乌梢蛇、金钱白花蛇、蕲蛇、红花、土鳖虫、乳香、没药、全蝎、蜈蚣、地龙,A,0
舟车丸中君药是哪些,莲子,川木通,人工牛黄,锦灯笼,芫花,E,该方剂君臣佐使为君药：芫花、甘遂、大戟；臣药：牵牛子、大黄；佐药：陈皮、木香、轻粉、青皮,E,1
婴儿保肺宁胶囊有哪些功效,补髓养血,滋阴助阳,温中散寒,清肺化痰,轻宣凉燥,D,该方剂功效为清肺化痰，止咳降遂,D,1
归脾浓缩丸中佐药是哪些,橘叶,酸枣仁,豨益草,蕤仁,蜈蚣,B,该方剂君臣佐使为君药：龙眼肉、黄芪；臣药：龙眼肉、黄芪、白术、当归、党参；佐药：酸枣仁、茯苓、木香、远志；使药：炙甘草,C,0
岩鹿乳康胶囊治疗哪些中医证候,肾阳不足证,劳淋证,风火证,风热上攻证,风热并重证,A,该方剂中医证候为肾阳不足证、气滞血瘀证、冲任失调证,D,0
鸡血藤膏中臣药是哪些,川牛膝,羌活,石椒草,白檀香,金盏银盘,A,该方剂君臣佐使为君药：鸡血藤；臣药：川牛膝、续断；佐药：饴糖、红花、糯米、黑豆,A,1
泻白散治疗哪些中医疾病,真心痛,直肠癌,气喘,伤筋,热厥,C,该方剂中医疾病为咳嗽，气喘,C,1
玉竹冲剂具有哪些功效,润肺生津,护肤止痒,平胃,补血,清肺利咽,A,该方剂功效为补中益气，润肺生津,A,1
清咽润喉胶囊具有哪些功效,健脾开胃,清理胃肠,散风止痒,消肿止痛,理气和血,D,该方剂功效为清热利咽，消肿止痛,D,1
麝香痔疮栓含有哪些中药材,麝香酮,相思子,金银花叶,姜皮,厚朴去,A,该方剂处方为麝香酮、人工牛黄、珍珠、冰片、三七、五倍子、炉甘石、颠茄流浸膏,A,1
宝宝牛黄散治疗哪些西医疾病,冠状动脉疾病,重症肌无力,小儿咳嗽变异型哮喘,肾病综合征所致的水肿,无大肠息肉病的胃底息肉病,E,该方剂西医疾病为无大肠息肉病的胃底息肉病、半面肌增生症、上前牙突出导致的错颌畸形、神经元病变、多发性脂肪囊肿、皮肤摄影、乌平顿病、脑动静脉畸形、乳腺癌-卵巢癌、肝腺瘤、睡眠时相延迟症、远端骨硬化、成髓不全症、霍纳综合征、视网膜动脉、脑淀粉样血管病、巨型水泥瘤,C,0
青果丸治疗哪些中医疾病,嗜睡,郁病,脉痹,失音,远视,D,该方剂中医疾病为失音，咳嗽，喉喑,D,1
烂积丸适用于哪些西医疾病,营养不良,甲沟炎,缺乏Properdin,急性扁桃体炎,抽搐,A,"该方剂西医疾病为营养不良、强迫症、上前牙突出导致的错颌畸形、多发性脂肪囊肿、肝腺瘤、伴有免疫异常的主动脉钙化症、视网膜动脉、毛周角化性蚕豆病、指纹模式相关的表型异常、无大肠息肉病的胃底息肉病、青光眼、46,XX男性性别逆转综合征、体重指数定量特征点1、肝硬化、巨型水泥瘤、胸腔内胃扭转、真皮皱褶、桡肘关节突、成髓不全症、霍纳综合征、重度情感障碍",A,1
参苏胶囊治疗哪些中医疾病,抽搐,阴痒,感冒,乳糜尿,产后血晕,C,该方剂中医疾病为感冒，鼻塞，发热，头痛，咳嗽,C,1
参茸安神丸与哪些靶点基因相关,PRKCE,AKR1C4,PLCG1,TTHA0940,SCGB1A1,C,该方剂靶点基因为PLCG1，RNASEL，HSD17B7，SRD5A2，PRKAB1，HTR1B，HTR1D，HTR2B，HTR2C，HTR3A，HTR6，HTR7，DHCR7，PLA2G6，CHRNA1，CHRND，ACHE，CHIA，ADA，ADK等。,A,0
疏肝益阳胶囊治疗哪些中医证候,痰瘀互结证,瘀阻咽喉证,胆郁痰扰证,肾精亏虚证,肝郁肾虚证,E,该方剂中医证候为肝郁肾虚证、气血瘀阻证、肝气郁结证、血瘀证,E,1
妇乐胶囊含有哪些中药材,白果,脾水解物,三七三醇皂苷,延胡索,对乙酰氨基酚,D,该方剂处方为忍冬藤、大青叶、蒲公英、牡丹皮、赤芍、川楝子、延胡索、甘草,D,1
八珍鹿胎膏具有哪些功效,消食健脾,祛淤生新,清湿热,泻火,调经温寒,E,该方剂功效为养血益气，调经温寒,E,1
妇炎消胶囊与哪些靶点基因相关,PRKCB,CA12,MAPK9,NMNAT1,MCL1,E,该方剂靶点基因为PLCG1，EBP，SRD5A2，PDPK1，PDPK1，PDPK1，PDPK1，PDPK1，PDPK1，PDPK1，PRKAB1，HTR1B，HTR1D，HTR1E，HTR1F，HTR2A，HTR2B，HTR2C，HTR3A，HTR6等。,A,0
小柴胡汤与哪些靶点基因相关,CDK2,SUCLG2,ABHD16A,PDK4,SUCNR1,C,该方剂靶点基因为PLCG1，RNASEL，EBP，HSD17B7，SRD5A2，PDPK1，PDPK1，PDPK1，PDPK1，PDPK1，PDPK1，PDPK1，PRKAB1，HTR1B，HTR1D，HTR1E，HTR1F，HTR2A，HTR2B，HTR2C等。,A,0
补血益母颗粒具有哪些功效,祛瘀生新,平肝清热,宣通鼻窍,祛风去湿,消云退翳,A,该方剂功效为补益气血，祛瘀生新,A,1
荆防败毒丸适用于哪些西医疾病,注意缺陷多动障碍,肛瘘术后创面愈合,糖尿病周围神经病变,瘀血闭阻引起的支气管哮喘,霍纳综合征,E,该方剂西医疾病为上前牙突出导致的错颌畸形、粘膜溃疡、穆尔-托雷综合征、动脉粥样硬化易感性、免疫缺陷伴有白细胞和淋巴细胞功能缺陷以及对组胺-1拮抗剂的反应、甲状旁腺功能亢进症、多发性脂肪囊肿、乌平顿病、低钙高钙血症、伴有免疫异常的主动脉钙化症、李-弗劳米尼综合征、脾肿大、巨球蛋白血症、青光眼、Li-Fraumeni综合征、失聪、新型冠状病毒肺炎、霍纳综合征、脂肪性水肿,D,0
香砂和中丸有哪些功效,镇惊熄风,镇惊,祛湿定痛,健脾燥湿,止痉安神,D,该方剂功效为健脾燥湿，和中消积,D,1
羊胆丸含有哪些中药材,荷梗,盐酸克仑特罗,百部,二甲基亚砜,聚乙二醇6000,C,该方剂处方为羊胆干膏、浙贝母、百部、白及、甘草,C,1
沉香化滞丸包含哪些中药材,金刚刺,生牡蛎,三棱,三硅酸镁,蜘蛛香,C,该方剂处方为沉香、牵牛子、枳实、五灵脂、山楂、枳壳、陈皮、香附、厚朴、莪术、砂仁、三棱、木香、青皮、大黄,E,0
清眩治瘫丸治疗哪些中医疾病,眉棱骨痛,咽干,圆癣,眩晕,白驳风,D,该方剂中医疾病为偏枯，眩晕，中风,D,1
参茸固本片的类别是什么,补肾壮骨,祛暑剂,调经剂,化湿药,补益药,E,该方剂类别为补益药,E,1
鹅掌风药水具有哪些功效,温补肾阳,杀虫止痒,改善心肌供血量,化温热,解毒止痒,B,该方剂功效为祛风除湿，杀虫止痒,E,0
川芎茶调散中使药是哪些,威灵仙,布渣叶,刺猬皮,甘草,盐酸麻黄碱,D,该方剂君臣佐使为君药：川芎；臣药：羌活、白芷；使药：甘草,D,1
开光复明丸中君药是哪些,人工麝香,鹿鞭,想木,钩藤,石决明,E,该方剂君臣佐使为君药：石决明、羚羊角、黄连、红花、蒺藜、玄参、菊花、地黄、黄柏、龙胆、赤芍、栀子、防风、当归、泽泻、黄芩、大黄、冰片,E,1
通心络片治疗哪些西医疾病,冠心病心绞痛,膀胱萎缩,带状疱疹继发化脓性皮肤病,乙型病毒性肝炎,老年性肺炎,A,该方剂西医疾病为冠心病心绞痛、巨球蛋白血症、上前牙突出导致的错颌畸形、血小板信号处理缺陷、神经元病变、血小板减少症、真皮皱褶、多发性脂肪囊肿、肝腺瘤、低钙高钙血症、遗传性角化性皮炎、Li-Fraumeni综合征、三毛症、穆尔-托雷综合征、白斑病、霍纳综合征、指纹模式相关的表型异常、失聪、脂肪性水肿,A,1
双黄连滴眼液治疗哪些中医证候,肺经证,火毒内蕴证,风邪热毒证,伤食腹痛证,湿热毒证,C,该方剂中医证候为风邪热毒证,B,0
桃核承气汤与哪些靶点基因相关,NT5C2,ACOX1,PLCG1,PTGER3,FBXO41,C,该方剂靶点基因为PLCG1，RNASEL，EBP，SRD5A2，PDPK1，PDPK1，PDPK1，PDPK1，PDPK1，PDPK1，PDPK1，PRKAB1，HTR1B，HTR1D，HTR1E，HTR1F，HTR2A，HTR2B，HTR2C，HTR3A等。,C,1
耳聋丸与哪些靶点基因相关,HIBCH,FGF1,BCAT2,RETSAT,HGS,B,该方剂靶点基因为PLCG1，PLCG2，EBP，HSD17B7，SRD5A2，PDPK1，PDPK1，PDPK1，PDPK1，PDPK1，PDPK1，PDPK1，PRKAB1，HTR1B，HTR1D，HTR1E，HTR1F，HTR2A，HTR2B，HTR2C等。,A,0
肾炎舒颗粒适用于哪些中医证候,水湿内停证,风湿热证,风寒犯头证,脾胃积热证,风寒湿邪痹阻证,A,该方剂中医证候为水湿内停证、脾肾阳虚证,A,1
银翘解毒丸中佐药是哪些,桔梗,高山辣根菜,麻黄根,红丹,罗布麻,A,该方剂君臣佐使为君药：金银花、连翘；臣药：淡豆豉、荆芥、薄荷；佐药：牛蒡子、淡竹叶、桔梗；使药：甘草,A,1
龙胆泻肝汤适用于哪些西医疾病,内皮细胞的损伤,烧伤增生性瘢痕,罗姆博综合症,脊柱关节病,鼻炎,E,"该方剂西医疾病为鼻炎、急性肾盂肾炎、尿道炎、高血压、腹股沟淋巴腺炎、急性盆腔炎、头部湿疹、急性膀胱炎、急性黄疸型肝炎、带状疱疹、顽固性偏头痛、外耳道疖肿、睾丸炎、急性胆囊炎，以及泌尿生殖系炎症、外阴炎、虹膜睫状体炎、急性结膜炎、巨球蛋白血症、强迫症、46,XX男性性别逆转综合征、真皮皱褶、多发性脂肪囊肿、乌平顿病、新型冠状病毒肺炎、低钙高钙血症、霍纳综合征、角膜营养不良症、伴有免疫异常的主动脉钙化症、动脉粥样硬化易感性、指纹模式相关的表型异常、高级睡眠期综合征、失聪、脂肪性水肿",D,0
四虎散适用于哪些中医证候,风湿蕴肤证,阳气不足证,寒湿证,风邪中络证,心胃火盛证,C,该方剂中医证候为伤损筋骨证、寒湿证、湿痰证、风寒湿凝滞筋骨证,A,0
妇炎康复颗粒中君药是哪些,果上叶,薏苡仁,五灵脂,芜蔚子,煅石决明,B,该方剂君臣佐使为君药：薏苡仁、川楝子、败酱草、柴胡、陈皮、赤芍、黄芩,B,1
牛黄益金片的类别是哪些,补虚药,清热药,清热药,和解剂,清热祛湿,B,该方剂类别为清热药,B,1
速效心痛滴丸适用于哪些中医证候,肺热证,血热挟湿证,肝瘀证,肝阳上扰证,邪入心包证,B,该方剂中医证候为血热挟湿证,E,0
冰硼散中佐药是哪些,通草,荆芥油,天然冰片,玄明粉,胡椒,D,该方剂君臣佐使为君药：冰片；臣药：硼砂；佐药：玄明粉、朱砂,C,0
盘龙七片治疗哪些中医疾病,口糜,产后出血,跌打损伤,阴挺,喘促,C,该方剂中医疾病为跌打损伤，腰肌劳损，痹病，腰痛,C,1
复方双花口服液适用于哪些中医疾病,眉棱骨痛,早泄,肠风,血吸虫病,鼻塞,E,该方剂中医疾病为鼻塞，乳蛾，发热，头痛,E,1
桂龙咳喘宁胶囊含有哪些中药材,荆菔子,杉木果,桂枝,石斛,益母草膏,C,该方剂处方为桂枝、龙骨、白芍、生姜、大枣、炙甘草、牡蛎、黄连、法半夏、瓜萎皮、炒苦杏仁,C,1
伤科七味片有哪些功效,护肤止痒,镇惊熄风,化瘀,祛瘀消肿,清窍,D,该方剂功效为祛瘀消肿，活血止痛,C,0
骨通贴膏中君药是哪些,白术,鹿鞭,楮实子,金不换,黄柏,D,该方剂君臣佐使为君药：丁公藤、金不换；臣药：海风藤、乳香、麻黄；佐药：薄荷脑、肉桂油、三七、姜黄、樟脑、干姜、辣椒、当归、白芷,D,1
红卫蛇药片适用于哪些中医疾病,湿痹,积聚,恶虫叮咬伤,瘾疹,暴发火眼,C,该方剂中医疾病为恶虫叮咬伤，毒蛇咬伤,C,1
黄芪颗粒与哪些靶点基因相关,ARL3,DAPK3,YWHAG,PNLIP,PLCD1,C,该方剂靶点基因为YWHAG，PLCG1，PLCG2，SRD5A2，PDPK1，PDPK1，PDPK1，PDPK1，PDPK1，PDPK1，PDPK1，PRKAB1，HTR2B，HTR2C，HTR6，DHCR7，ACHE，ADA，ADK，ADORA1等。,A,0
调经丸包含哪些中药材,天花粉,狮子尾,王指柑,绵马贯众,香附,E,该方剂处方为香附、甘草,E,1
痔血丸与哪些靶点基因相关,FPR3,EEA1,DUSP3,DYRK1A,RNASEL,C,该方剂靶点基因为CYP24A1，PLCG1，PLCG2，RNASEL，CYP27B1，EBP，SRD5A2，PRKAB1，HTR1B，HTR1D，HTR1E，HTR1F，HTR2B，HTR2C，HTR3A，HTR6，HTR7，PGD，ACHE，ADA等。,A,0
脑灵片与哪些靶点基因相关,DDX6,GGACT,RUNX1,SRM,PLCG1,E,该方剂靶点基因为PLCG1，RNASEL，SRD5A2，PRKAB1，HTR1B，HTR1D，HTR1E，HTR1F，HTR2B，HTR2C，HTR6，HTR7，DHCR7，ACHE，CHIA，ADA，ADK，ADORA1，ADORA2A，ADORA2B等。,A,0
蚕蛾公补片中臣药是哪些,鱼腥草,金沙藤,洋金花,枳实,补骨脂,E,该方剂君臣佐使为君药：雄蚕蛾；臣药：补骨脂、肉苁蓉、菟丝子、蛇床子、淫羊藿、仙茅；佐药：熟地黄、枸杞子、人参、白术、当归,E,1
蛇胆川贝胶囊治疗哪些中医证候,心气阴两虚证,肝郁痰火证,胃证证,肺火证,肺热证,E,该方剂中医证候为痰热蕴肺证、肺热证,D,0
肝泰冲剂包含哪些中药材,柏子仁,云芝菌培养物,桔梗流浸膏,八角枫,鹅不食草浓缩液,A,该方剂处方为当归、郁金、白芍、桃仁、香附、地黄、五灵脂、柏子仁、陈皮、竹叶柴胡,B,0
消咳宁片治疗哪些西医疾病,周围神经病变,免疫性血小板减少性紫癜,心肌病,耳前瘘,糖尿病合并冠心病心绞痛,C,该方剂西医疾病为心肌病、冷冻性水肿、肺纤维化、神经元病变、幽门狭窄、长骨金刚瘤、霍纳综合征、皮炎、免疫缺陷伴有白细胞和淋巴细胞功能缺陷以及对组胺-1拮抗剂的反应、抗磷脂综合征、盆腔脂肪瘤伴交叉性肾异位症、特应性皮炎,E,0
小儿七珍丹治疗哪些中医证候,肠道虫积证,痰热动风证,气血不足证,虚陷证,阴虚毒恋证,B,该方剂中医证候为痰热动风证、痰食互结证、风邪袭表证,A,0
青果丸包含哪些中药材,白芍,水翁花,山麦冬,扁豆,凤凰衣,A,该方剂处方为青果、金银花、黄芩、北豆根、麦冬、玄参、白芍、桔梗,B,0
肝福冲剂包含哪些中药材,香菇,紫葳根皮,鲜槐枝,兰香草,金钱草,E,该方剂处方为金钱草、茵陈、板蓝根、黄芩、枳壳、柴胡、栀子,E,1
橘红化痰片中佐药是哪些,南板蓝根,五味子,胆膏,黑老虎,瞿麦,B,该方剂君臣佐使为君药：苦杏仁、化橘红；臣药：锦灯笼、川贝母、白矾；佐药：罂粟壳、五味子；使药：甘草,B,1
桂林西瓜霜中使药是哪些,甘草,广东神曲,酒白芍,鹿血,返魂草,A,该方剂君臣佐使为君药：西瓜霜；臣药：山豆根、黄连、黄柏、射干、黄芩；佐药：无患子果、薄荷脑、浙贝母、青黛、硼砂、大黄、冰片；使药：甘草,A,1
乾元丸具有哪些功效,除寒湿,疏通经络,润肠通便,清热化痰,调经止血,D,该方剂功效为清热化痰，熄风止痉,A,0
健胃消食片中臣药是哪些,苏子,大蒜,山药,油菜蜂花粉,大血藤,C,该方剂君臣佐使为君药：太子参；臣药：陈皮、山药,C,1
三黄膏适用于哪些中医证候,肝胃阴虚证,瘀阻经络证,胞宫虚寒证,心肝火旺证,热毒炽盛证,E,该方剂中医证候为热毒炽盛证,E,1
伤疖膏与哪些靶点基因相关,GPER1,ADRB3,YWHAG,NOX4,CYP21A2,C,该方剂靶点基因为YWHAG，PLCG1，EBP，HSD17B7，SRD5A2，PDPK1，PDPK1，PDPK1，PDPK1，PDPK1，PDPK1，PDPK1，PRKAB1，HTR2B，HTR2C，HTR7，CHRNA1，CHRND，ACHE，LYPLA1等。,A,0
清热解毒胶囊治疗哪些中医证候,血分证,风邪袭表证,初感疠气证,风寒袭鼻证,风邪外犯证,C,该方剂中医证候为热毒壅盛证、肝经风热证、初感疠气证,C,1
引阳索胶囊治疗哪些西医疾病,家族性脂蛋白脂酶缺乏症,巩膜炎,输卵管阻塞性不孕症,勃起功能障碍,蛋白S缺乏导致的血栓形成症,D,该方剂西医疾病为勃起功能障碍,D,1
柴枳四逆散与哪些靶点基因相关,PLCG1,ALAD,PDE7B,P3H2,CTSB,A,该方剂靶点基因为PLCG1，RNASEL，EBP，SRD5A2，PDPK1，PDPK1，PDPK1，PDPK1，PDPK1，PDPK1，PDPK1，PRKAB1，HTR1B，HTR1D，HTR1E，HTR1F，HTR2A，HTR2B，HTR2C，HTR3A等。,A,1
乙肝益气解郁颗粒有哪些功效,宽中理气,利水消肿,健胃化滞,润肤止痒,益气化湿,E,该方剂功效为益气化湿，舒肝解郁,A,0
珍黄安宫片治疗哪些中医证候,风火上攻证,热闭证,心脾气血两虚证,厥阴头痛证,肾虚湿热瘀阻证,B,该方剂中医证候为痰热证、热毒炽盛证、热闭证、热盛动风证,A,0
紫雪中君药是哪些,水牛角浓缩粉,马钱子,砂仁,人工麝香,珍珠,D,该方剂君臣佐使为君药：水牛角浓缩粉、人工麝香、羚羊角；臣药：寒水石、玄参、石膏、滑石、升麻；佐药：玄明粉、沉香、木香、磁石、硝石、朱砂、丁香；使药：甘草,A,0
醒脾开胃颗粒中君药是哪些,红参,谷芽,平贝母,三叉苦,甘草浸膏,B,该方剂君臣佐使为君药：谷芽、稻芽；臣药：佛手、荷叶、香橼；佐药：冬瓜子、使君子、白芍；使药：甘草,B,1
治带片治疗哪些中医证候,暑热内郁证,肝胆湿热证,肝经热盛证,湿热下注证,血虚证,D,该方剂中医证候为胞宫湿热证、湿热下注证,D,1
丹栀逍遥胶囊与哪些靶点基因相关,RDH13,PLCG1,ALAS1,KCNJ12,PSEN1,B,该方剂靶点基因为PLCG1，PLCG2，RNASEL，EBP，SRD5A2，PDPK1，PDPK1，PDPK1，PDPK1，PDPK1，PDPK1，PDPK1，PRKAB1，HTR1B，HTR1D，HTR1E，HTR1F，HTR2A，HTR2B，HTR2C等。,B,1
麝香痔疮栓含有哪些中药材,相思子,厚朴去,金银花叶,姜皮,人工牛黄,E,该方剂处方为麝香酮、人工牛黄、珍珠、冰片、三七、五倍子、炉甘石、颠茄流浸膏,E,1
冠心生脉口服液包含哪些中药材,五味子,猪蹄甲,凤仙透骨草,梅根,紫河车,A,该方剂处方为人参、麦冬、五味子、丹参、赤芍、郁金、三七粉,A,1
保妇康栓治疗哪些中医证候,风热血热证,湿浊困阻证,脾失健运证,痰热阻肺证,湿热瘀滞证,E,该方剂中医证候为湿热瘀滞证,E,1
越鞠丸中君药是哪些,枫香脂,山姜子,水蜈蚣,珍珠菜,香附,E,该方剂君臣佐使为君药：香附；臣药：六神曲、苍术、川芎、栀子,E,1
益身灵丸治疗哪些中医证候,胃气上逆证,邪热内闭证,气虚血亏证,风湿凌目证,脾肾气虚证,C,该方剂中医证候为气血两虚证、气虚血亏证、心神不宁证,C,1
上海蛇药片适用于哪些西医疾病,放疗副作用,体表急性感染,外阴阴道炎,醛固酮增多症,疼痛,C,该方剂西医疾病为外阴阴道炎、上前牙突出导致的错颌畸形、神经元病变、远端骨硬化、抗磷脂综合征、多发性脂肪囊肿、乌平顿病、肝腺瘤、半骺发育不良伴软骨瘤和骨软骨瘤、髋关节发育不良、肌肉萎缩症、少动病-大肠癌综合征、角膜炎、主动脉瘤、失聪、新型冠状病毒肺炎、甲状腺肿、成髓不全症、霍纳综合征,B,0
小儿肺热咳喘颗粒具有哪些功效,镇咳,解表发汗,滋肾益精,缓肝调中,化痰平喘,E,该方剂功效为清热解毒，宣肺止咳，化痰平喘,E,1
消银片包含哪些中药材,糊精,豆豉姜,麻黄提取液,石菖蒲浸膏,当归,E,该方剂处方为地黄、玄参、牡丹皮、金银花、大青叶、当归、赤芍、红花、苦参、白鲜皮、防风、牛蒡子、蝉蜕,E,1
复方扶芳藤合剂含有哪些中药材,银耳耳基粉,叶下花,无水羊毛脂,扶芳藤,高山龙,D,该方剂处方为扶芳藤、黄芪、人参,D,1
龟鹿滋肾丸治疗哪些中医疾病,阳痿,上消,子痫,鼻疮,痹证,A,该方剂中医疾病为阳痿，遗精，眩晕，滑精，少寐，耳鸣，肾衰,A,1
舒筋活络酒适用于哪些中医疾病,肛瘘,风寒湿痹,昏迷,牛皮癣,痹病,E,该方剂中医疾病为湿阻，痹病,B,0
垂盆草颗粒具有哪些功效,减少心肌耗氧量,温肾健脾,清热解毒,醒脑散瘀,化痰清肝,C,该方剂功效为清热解毒，活血利湿,C,1
藿香水的类别是什么,调经剂,理气药,理气剂,清热祛暑药,清肠化痔,D,该方剂类别为清热祛暑药,D,1
牛黄至宝丸具有哪些功效,理气开窍,祛风去湿,通关,通经,泻火通便,E,该方剂功效为清热解毒，泻火通便,C,0
胃乐胶囊适用于哪些中医疾病,胰腺癌,无名肿痛,胃脘痛,褥疮,血风疮,C,该方剂中医疾病为胃胀，泛酸，胃脘痛，呕吐，胃痛，溃疡,C,1
三金胶囊中君药是哪些,赤石脂,金沙藤,凤仙透骨草,薄荷油,桃金娘根,B,该方剂君臣佐使为君药：金沙藤；臣药：积雪草、羊开口；佐药：金樱根,B,1
培坤丸适用于哪些中医疾病,瘀血流注,不孕,顽癣,呕吐,梅毒,B,该方剂中医疾病为月经失调，不孕，带下，白带，带下病,B,1
竭红跌打酊具有哪些功效,化痞去瘀,活血,补肾宁心,疏郁止痛,活络止痛,E,该方剂功效为散瘀消肿，活络止痛,E,1
四季感冒片有哪些功效,益精血,去瘀止痛,清热解表,消积杀虫,破血散结,C,该方剂功效为清热解表,C,1
补益活络丸有哪些功效,搜风剔邪,消散乳块,健中醒脾,祛风胜湿,祛风解热,D,该方剂功效为益气补肾，舒筋通络，祛风胜湿，活血,A,0
通宣理肺膏的类别是什么,止咳平喘剂,疗伤止痛,表里双解剂,疮疡消药,凉血活血,A,该方剂类别为止咳平喘剂,A,1
儿童回春颗粒与哪些靶点基因相关,TYMS,TPK1,PDF,NPPB,PKN1,A,该方剂靶点基因为PLCG1，HSD17B7，SRD5A2，PDPK1，PDPK1，PDPK1，PDPK1，PDPK1，PDPK1，PDPK1，PRKAB1，HTR1B，HTR1D，HTR1E，HTR1F，HTR2A，HTR2B，HTR2C，HTR3A，HTR6等。,A,1
清热解毒糖浆具有哪些功效,追风祛湿,理气止呕,清热解毒,降火涤痰,消食开胃,C,该方剂功效为清热解毒,C,1
夜宁糖浆含有哪些中药材,合欢皮,甘草炙,鹿角霜,糖化素,玉叶金花,A,该方剂处方为合欢皮、甘草、首乌藤、大枣、女贞子、灵芝、浮小麦,A,1
盆炎净片与哪些靶点基因相关,KLK7,APOBEC3G,RARS1,RAB8B,PLCG1,E,该方剂靶点基因为PLCG1，RNASEL，SRD5A2，PDPK1，PDPK1，PDPK1，PDPK1，PDPK1，PDPK1，PDPK1，PRKAB1，HTR1B，HTR1D，HTR1E，HTR1F，HTR2B，HTR2C，HTR3A，HTR6，HTR7等。,A,0
利肝隆片治疗哪些中医证候,精气不足证,肝肾不足，寒滞肝脉证,乳食内积证,肾阳虚证,热毒淤肝证,E,该方剂中医证候为气血两虚证、肝郁湿热证、热毒淤肝证,E,1
柏子仁丸与哪些靶点基因相关,NPY1R,EPHA2,PLCG1,ACCS,AHSP,C,该方剂靶点基因为PLCG1，RNASEL，SRD5A2，PRKAB1，HTR1B，HTR1D，HTR2B，HTR2C，HTR3A，HTR6，HTR7，DHCR7，ACHE，CHIA，ADORA1，ADORA2A，ADORA2B，ADORA2A，ADORA3，CD38等。,A,0
瑞草油含有哪些中药材,桑葚,牛西西,樟脑,黑种草子,紫苏,C,该方剂处方为樟脑、桉油、薄荷脑、水杨酸甲酯、水杨酸乙酯、薰衣草油,A,0
喉康散有哪些功效,追风,益气解毒,清热解毒,温阳通脉,填精补髓,C,该方剂功效为清热解毒，消炎止痛,C,1
都梁丸适用于哪些中医疾病,急乳蛾,崩中,疗疮,偏头痛,水火烫伤,D,该方剂中医疾病为头痛，偏头痛,D,1
驳骨水治疗哪些西医疾病,血小板原发性释放障碍,抑制炎症因子,血管性痴呆,疱疹性皮炎,手术后或产后身体虚弱,D,该方剂西医疾病为疱疹性皮炎、甲状旁腺功能亢进症、上前牙突出导致的错颌畸形、多发性脂肪囊肿、新型冠状病毒肺炎、乳腺癌-卵巢癌、低钙高钙血症、遗传性角化性皮炎、霍纳综合征、Li-Fraumeni综合征、穆尔-托雷综合征、肝硬化、伴有免疫异常的主动脉钙化症、角膜营养不良症、免疫缺陷伴有白细胞和淋巴细胞功能缺陷以及对组胺-1拮抗剂的反应、抗磷脂综合征、失聪、脂肪性水肿,E,0
丹栀逍遥丸包含哪些中药材,牡丹皮,玳瑁,酒牛膝,羊红膻,炮象皮,A,该方剂处方为牡丹皮、栀子,A,1
消瘿五海丸含有哪些中药材,香排草,夏枯草,灵芝菌浸膏,银环蛇,五味子,B,该方剂处方为夏枯草、海藻、海带、海螺、昆布、蛤壳、木香、川芎,B,1
双虎清肝颗粒具有哪些功效,去积驱虫,活血润燥,理气活血,脱毒排脓,化气利水,C,该方剂功效为清热利湿，化痰宽中，理气活血,C,1
加味七厘散适用于哪些西医疾病,宫颈糜烂,桡肘关节突,癔病性昏厥,婴儿白内障,失聪,E,"该方剂西医疾病为骨痛、肾炎/骨质疏松症、上前牙突出导致的错颌畸形、血小板减少症、46,XX男性性别逆转综合征、多发性脂肪囊肿、新型冠状病毒肺炎、低钙高钙血症、Li-Fraumeni综合征、半骺发育不良伴软骨瘤和骨软骨瘤、霍纳综合征、穆尔-托雷综合征、中性粒细胞减少、肝硬化、伯纳德-苏利尔综合征、脾肿大、失聪、脂肪性水肿",C,0
咳喘静糖浆的类别是哪些,消食化积,补益剂,化痰药,杀虫止痒,清热通窍,C,该方剂类别为化痰药,B,0
藤黄健骨片中君药是哪些,肉苁蓉,鳖甲胶,大腹皮,竹叶,茵陈,A,该方剂君臣佐使为君药：肉苁蓉、熟地黄、鸡血藤；臣药：鹿衔草、骨碎补、淫羊藿；佐药：莱菔子,B,0
天王补心丸具有哪些功效,补肺健脾,补阳益气,增加食欲,疏风通窍,补心安神,E,该方剂功效为滋阴养血，补心安神,E,1
宽胸利膈丸与哪些靶点基因相关,PTPN1,POR,RGS8,NEIL2,GLRX,A,该方剂靶点基因为CYP24A1，PLCG1，CYP27B1，EBP，SRD5A2，PDPK1，PDPK1，PDPK1，PDPK1，PDPK1，PDPK1，PDPK1，PRKAB1，HTR1B，HTR1D，HTR1E，HTR1F，HTR2A，HTR2B，HTR2C等。,A,1
肝苏片适用于哪些中医证候,心胆气虚证,湿热蕴结证,肝脾不和证,中焦气滞证,痰热内闭证,B,该方剂中医证候为湿热蕴结证,C,0
胃灵冲剂适用于哪些中医疾病,消渴病,泛酸,牙宣,哮证,疟母,B,该方剂中医疾病为泛酸，胃脘痛,B,1
泌尿宁颗粒中君药是哪些,洪连,熟地黄,丝瓜络,篇蓄,延胡索,D,该方剂君臣佐使为君药：黄柏、篇蓄；臣药：茼麻子、桑寄生、五味子、续断；佐药：柴胡、白芷；使药：甘草,D,1
痹通药酒与哪些靶点基因相关,ATIC,PLCG1,RET,HMOX1,GABBR2,B,该方剂靶点基因为PLCG1，PLCG2，EBP，SRD5A2，PRKAB1，HTR1B，HTR1D，HTR1E，HTR2B，HTR2C，HTR6，HTR7，DHCR7，ACHE，LYPLA1，LYPLA2，ADA，ADK，ADORA1，ADORA2A等。,B,1
小儿珍贝散适用于哪些中医证候,阳虚寒积证,痰瘀闭阻证,阴虚痰热证,瘀血阻滞证,肺热壅盛证,E,该方剂中医证候为肺热壅盛证,C,0
归脾合剂治疗哪些中医疾病,瘘管,伤风鼻塞,心悸,小儿蛔虫病,肥胖症,C,该方剂中医疾病为心悸，眩晕，崩漏，不寐，失眠，便血,C,1
金龙舒胆颗粒适用于哪些西医疾病,夜盲症,卵巢癌,桥本甲状腺炎,肠伤寒,流产子宫出血,C,该方剂西医疾病为巨球蛋白血症、伴有免疫异常的主动脉钙化症、青光眼、恶性高热、多发性脂肪囊肿、桥本甲状腺炎、新型冠状病毒肺炎、低钙高钙血症、遗传性角化性皮炎、Li-Fraumeni综合征、霍纳综合征、穆尔-托雷综合征、三毛症、角膜营养不良症、肝硬化、失聪、脂肪性水肿,D,0
香砂养胃丸与哪些靶点基因相关,SF3B3,SOAT1,PCCA,GPX7,PLCG1,E,该方剂靶点基因为PLCG1，RNASEL，EBP，SRD5A2，PDPK1，PDPK1，PDPK1，PDPK1，PDPK1，PDPK1，PDPK1，PRKAB1，HTR1B，HTR1D，HTR1E，HTR1F，HTR2A，HTR2B，HTR2C，HTR3A等。,A,0
活胃散与哪些靶点基因相关,NDUFA8,NR1I3,DAPK1,THRB,HS3ST3A1,C,该方剂靶点基因为PLCG1，SRD5A2，PRKAB1，HTR1B，HTR1D，HTR1E，HTR1F，HTR2B，HTR2C，HTR3A，HTR6，HTR7，PGD，ACHE，ADA，ADK，ADORA1，ADORA2A，ADORA2B，ADORA2A等。,A,0
微达康膏有哪些功效,退黄,补肾安神,益肾通络,清火顺气,止痢止泻,B,该方剂功效为扶正固本，补肾安神,A,0
野木瓜片与哪些靶点基因相关,SUV39H1,ASNS,HTT,CTSG,THBD,C,该方剂靶点基因为ADORA1，BCL2L1，F10，HDAC1，HTT，MCL1，PTGS2，PRKCA，RGS16，RGS19，RGS7，RGS8，F3。,A,0
康妇消炎栓具有哪些功效,化瘀凉血止血,利湿散结,降火生津,消积理滞,温补肾阳,B,该方剂功效为清热解毒，利湿散结，杀虫止痒,B,1
清眩片适用于哪些中医疾病,头痛,冻伤,尿频,骨痹,健忘,A,该方剂中医疾病为头痛，鼻塞，牙痛，偏头痛，眩晕,A,1
七叶莲片适用于哪些中医证候,湿热痹阻证,肾虚寒凝证,伤损筋骨证,气虚证,心肾气阴两虚证,C,该方剂中医证候为伤损筋骨证、外伤证、风湿证、风寒湿凝滞筋骨证,A,0
保童化痰丸含有哪些中药材,双龙风湿跌打流浸膏,白蔹,东风橘,横经席,黄芩,E,该方剂处方为黄芩、黄连、胆南星、天竺黄、前胡、浙贝母、桔梗、苦杏仁、陈皮、化橘红、法半夏、茯苓、甘草、紫苏叶、木香、葛根、枳壳、冰片、党参、朱砂、羌活,B,0
二母丸适用于哪些西医疾病,少精症,虚汗,神经元病变,免疫缺陷,肾结核等属阴虚内热，低热不退者,C,该方剂西医疾病为强迫症、肾上腺雄激素分泌过多、青光眼、神经元病变、真皮皱褶、视网膜动脉、白内障、遗传性角化性皮炎、卡尼综合变体、角膜营养不良症、霍纳综合征、角膜炎、动脉瘤、指纹模式相关的表型异常、抗磷脂综合征、四重单体、失聪、脂肪性水肿,E,0
香苏调胃片治疗哪些中医证候,经络瘀阻证,风邪犯表证,上攻咽喉证,暑闭气机证,食积证,B,该方剂中医证候为风邪犯表证、食积证,B,1
状元丸治疗哪些中医证候,心神不宁证,气血瘀滞证,惊恐惊风,瘀阻证,瘀滞肌肤证,A,该方剂中医证候为心肾两虚证、心神不宁证,A,1
复方鹿胎丸治疗哪些中医证候,风热并重证,气滞血瘀证,表虚不固之风水或风湿证,火毒内蕴证,痰热壅盛证,B,该方剂中医证候为气滞血瘀证,B,1
心可舒片适用于哪些西医疾病,遗传性角化性皮炎,霉菌性龟头炎,原发性肝癌,半面肌增生症,痔疮,A,"该方剂西医疾病为冠心病心绞痛、高血压、心律失常、高脂血症、高黏血症、巨球蛋白血症、肾炎/骨质疏松症、46,XX男性性别逆转综合征、恶性高热、多发性脂肪囊肿、新型冠状病毒肺炎、乳腺癌-卵巢癌、肾小球囊肿性肾病伴高尿酸血症和异位性尿失禁、遗传性角化性皮炎、霍纳综合征、穆尔-托雷综合征、肝硬化、免疫缺陷伴有白细胞和淋巴细胞功能缺陷以及对组胺-1拮抗剂的反应、失聪、脂肪性水肿",C,0
复方四季青片包含哪些中药材,山豆根浸膏,曼陀罗浸膏,柴狗肾,四季青干浸膏,盐酸溴己新,D,该方剂处方为四季青干浸膏、癸酰乙醛,D,1
金衣至宝锭治疗哪些中医疾病,梅毒,小儿惊厥,脚气,咳嗽,经闭,D,该方剂中医疾病为咳嗽，呕吐，积滞，发热，感冒,B,0
天麻首乌片治疗哪些中医证候,肠胃湿热证,痰热内盛证,气分热盛证,营卫不和证,肝肾阴虚证,E,该方剂中医证候为肝肾阴虚证、肝肾亏虚证、肝肾阴虚、肾精亏损证、风痰瘀阻证,E,1
川贝罗汉止咳冲剂治疗哪些中医证候,气虚两虚证,风邪犯肺证,精血亏虚证,火热伤津证,脾胃两虚证,B,该方剂中医证候为风邪犯肺证、风热犯肺证,B,1
小青龙合剂中君药是哪些,橘红,吴茱萸,桂枝,穿破石,贯众,C,该方剂君臣佐使为君药：麻黄、桂枝；臣药：麻黄、干姜、桂枝、细辛；佐药：五味子、半夏、白芍；使药：甘草,C,1
乙肝健片具有哪些功效,生血填精,利胆退黄,凉喉生津,肝脏排泻,软坚消囊,B,该方剂功效为利胆退黄，改善肝功能，调节免疫机能,B,1
花红颗粒治疗哪些中医疾病,子宫脱垂,早泄,疮口不收,盆腔炎,消渴,D,该方剂中医疾病为腹痛，盆腔炎，带下病,D,1
环心丹治疗哪些中医证候,风痰阻络证,心血瘀阻证,凉燥证,气郁痰凝证,痰热互结证,B,该方剂中医证候为心血瘀阻证、气滞血瘀证,A,0
降压避风片治疗哪些中医证候,阴疽,阳气不足证,肝阳上亢证,少阳阳明合病,外感风寒，内伤湿滞证,C,该方剂中医证候为肝胆火盛证、肝阳上亢证、肝火上炎证,C,1
通脉降脂片与哪些靶点基因相关,ELANE,DDAH2,PRTN3,HAO2,TM0268,A,该方剂靶点基因为PLCG1，SRD5A2，PRKAB1，HTR1B，HTR1D，HTR1E，HTR2B，HTR2C，HTR3A，HTR6，HTR7，DHCR7，CHRNA1，CHRND，ACHE，ADA，ADK，ADORA1，ADORA2A，ADORA2B等。,A,1
益心丸中君药是哪些,红参,杏仁,枳实,熊胆,冰片,A,该方剂君臣佐使为君药：附子、红参；臣药：安息香、红花、三七、蟾酥、麝香、冰片；佐药：附子、牛角、牛黄、红参、珍珠,E,0
小儿感冒散适用于哪些中医疾病,发热,腰椎间盘突出症,梅毒,喘病,胃反,A,该方剂中医疾病为鼻塞，头痛，咳嗽，发热，感冒,A,1
小青龙胶囊中君药是哪些,桂枝,石楠藤,伊贝母,益母草,蓼大青叶,A,该方剂君臣佐使为君药：麻黄、桂枝；臣药：麻黄、干姜、桂枝、细辛；佐药：五味子、半夏、白芍；使药：甘草,A,1
女金胶囊治疗哪些西医疾病,尿毒症血液透析,甲状旁腺功能亢进症,糖尿病肾病性水肿,慢性咽喉炎,牙龈炎,B,该方剂西医疾病为甲状旁腺功能亢进症、多发性脂肪囊肿、乌平顿病、新型冠状病毒肺炎、低钙高钙血症、霍纳综合征、粘膜溃疡、类风湿结节病、角膜营养不良症、伴有免疫异常的主动脉钙化症、动脉粥样硬化易感性、免疫缺陷伴有白细胞和淋巴细胞功能缺陷以及对组胺-1拮抗剂的反应、高级睡眠期综合征、脾肿大、失聪、脂肪性水肿,C,0
绿樱膏包含哪些中药材,陈橘,白通草,赤芍,香樟根,菟丝肉,C,该方剂处方为木鳖子、川乌、草乌、乌梢蛇、黄柏、大黄、金银花、红花、肉桂、赤芍、穿山甲、附子、白芷、马钱子、乳香、没药、血竭、冰片、胆膏,A,0
鹿筋壮骨酒中君药是哪些,隔山香,枸杞子,泽泻,枯矾,光慈菇,B,该方剂君臣佐使为君药：枸杞子、鹿筋、鹿骨、续断；臣药：制川乌、制草乌、木瓜、桂枝、秦艽；佐药：肉桂、红花、重楼、虎杖、黄芪、玉竹、当归、党参,A,0
蛇胆南星散治疗哪些中医疾病,咳嗽,口疮,脏躁,痛症,虫积,A,该方剂中医疾病为咳嗽，呕吐，痉病,A,1
六和茶适用于哪些中医证候,暑湿内蕴证,风邪犯肺证,热扰心神证,石淋证,血不荣筋证,A,该方剂中医证候为暑湿内蕴证、食滞证、食积证,A,1
气滞胃痛颗粒的类别是哪些,活血消癜剂,清热剂,理气剂,清肠化痔,理气剂,C,该方剂类别为理气剂,C,1
止嗽化痰颗粒具有哪些功效,清肺化痰,清理胃肠,活血脉,补元气,祛风宣窍,A,该方剂功效为清肺化痰，止嗽定喘,A,1
金鸣片治疗哪些中医证候,阳虚寒积证,热毒伤阴证,表虚不固之风水或风湿证,伤阴证,肾阴虚损证,D,该方剂中医证候为伤阴证、肺热证,D,1
肝炎康复丸适用于哪些西医疾病,下肢深静脉血栓,痛经,卵巢早衰2a,盆腔脂肪瘤伴交叉性肾异位症,免疫缺陷伴有白细胞和淋巴细胞功能缺陷以及对组胺-1拮抗剂的反应,E,该方剂西医疾病为三毛症、穆尔-托雷综合征、免疫缺陷伴有白细胞和淋巴细胞功能缺陷以及对组胺-1拮抗剂的反应、多发性脂肪囊肿、伴有免疫异常的主动脉钙化症、脾肿大、胆囊炎红斑狼疮、巨球蛋白血症、髋关节发育不良、青光眼、双角子宫伴部分阴道隔膜和单侧血性小肠结肠炎伴同侧肾发育不全、Li-Fraumeni综合征、角膜营养不良症、肝硬化、失聪、新型冠状病毒肺炎、遗传性角化性皮炎、霍纳综合征、脂肪性水肿,E,1
养血安神丸与哪些靶点基因相关,GABRA1,RET,QARS1,IGKC,TPPP,A,该方剂靶点基因为EBP，SRD5A2，PDPK1，PDPK1，PDPK1，PDPK1，PDPK1，PDPK1，PDPK1，HTR2B，HTR2C，HTR3A，HTR7，DHCR7，ACHE，LYPLA1，LYPLA2，ADORA1，ADORA3，CD38等。,D,0
安嗽片与哪些靶点基因相关,GMPR,KCNJ8,CHRM3,LIG1,RPL23A,D,该方剂靶点基因为PLCG1，EBP，HSD17B7，SRD5A2，PDPK1，PDPK1，PDPK1，PDPK1，PDPK1，PDPK1，PDPK1，PRKAB1，HTR1B，HTR1D，HTR1E，HTR1F，HTR2A，HTR2B，HTR2C，HTR3A等。,C,0
消渴平片适用于哪些中医证候,肝郁气滞证,风热疫毒证,气阴两虚证,冲任不调证,肝郁湿热证,C,该方剂中医证候为气阴两虚证、阴虚证、燥热证、心热证,C,1
沉香利气丸与哪些靶点基因相关,MAOA,DRD4,KLK4,ADK,RDH14,B,该方剂靶点基因为PLCG1，SRD5A2，PRKAB1，HTR1B，HTR1D，HTR1E，HTR1F，HTR2B，HTR2C，HTR3A，HTR6，HTR7，DHCR7，ACHE，ADA，ADK，ADORA1，ADORA2A，ADORA2B，ADORA2A等。,A,0
益肾养元合剂的类别是什么,安神剂,清肠化痔,补益药,益肾明目,清肝明目,C,该方剂类别为补益药,C,1
三蛇胆川贝糖浆中使药是哪些,薄荷素油,山芝麻,冬青油,茯神,蒲公英,A,该方剂君臣佐使为君药：川贝母、蛇胆汁；臣药：枇杷叶、百部；佐药：牛白藤、肿节风、桑白皮、麻黄、桔梗、白薇；使药：薄荷素油,A,1
寄生追风液治疗哪些中医证候,气滞湿阻证,湿热泻,肝经郁热证,阴虚热盛证,风寒湿凝滞筋骨证,E,该方剂中医证候为风寒湿凝滞筋骨证、伤损筋骨证、肝肾亏虚证、风寒湿痹证、肝肾两亏证、风湿证,E,1
七厘散中君药是哪些,肖梵天花,佩兰,沙牛,血竭,石椒草,D,该方剂君臣佐使为君药：血竭；臣药：乳香、红花、儿茶、没药；佐药：麝香、朱砂、冰片,D,1
回春丹具有哪些功效,解毒消炎,散寒镇咳,清胃利便,驱风祛痰,消食,D,该方剂功效为清热定惊，驱风祛痰,D,1
颈复康颗粒有哪些功效,活血通络,固精止遗,化痰通脉,消炎化痰,补血调血,A,该方剂功效为活血通络，散风止痛,A,1
小儿感冒茶颗粒适用于哪些中医证候,腑气不通证,寒邪证,痰热内扰证,风热感冒证,气血瘀阻证,D,该方剂中医证候为风热感冒证,D,1
满山白糖浆的类别是什么,固涩剂,祛风剂,清热祛暑药,止带剂,化痰药,E,该方剂类别为化痰药,C,0
痔速宁片含有哪些中药材,冬青油,瓜蒌子,白蔹,黑豆馏油,棕榈,C,该方剂处方为白蔹、槐花、五倍子、黑豆、猪胆,D,0
生肌八宝散含有哪些中药材,龙骨,风藤,鹿筋,粉葛,藤苦参,A,该方剂处方为炉甘石、煅石膏、龙骨、赤石脂、血竭、冰片、轻粉、蜂蜡,A,1
六味丸治疗哪些中医疾病,胁痛,咽干,眩晕,痞积,吐血,C,该方剂中医疾病为心悸，眩晕，耳鸣,A,0
南板蓝根冲剂治疗哪些中医疾病,痞积,慢喉痹,痤疮,牙宣,风温,E,该方剂中医疾病为风温，痄腮，温病，发热，感冒,E,1
半夏厚朴汤含有哪些中药材,人参皂甙,羊角炭,丹参干浸膏,半夏,鱼腥草索钠,D,该方剂处方为半夏、厚朴、茯苓、生姜、苏叶,D,1
强阳保肾丸的类别是哪些,补益剂,补益剂,活血祛风,安坤除烦剂,疏风利咽,A,该方剂类别为补益剂,A,1
五海瘿瘤丸适用于哪些中医疾病,湿霍乱,虫积,瘰疬,肺癌,痛风,C,该方剂中医疾病为痰核，瘿瘤，乳核，瘰疠，瘰疬,C,1
菌痢平片治疗哪些中医证候,精髓不足证,肺热壅盛证,热毒蕴肠证,肾阳虚水泛证,肝郁血瘀证,C,该方剂中医证候为热毒蕴肠证、食滞证,C,1
精制冠心胶囊含有哪些中药材,丹参,红活麻,山楂稠膏,竹茹,白花菜子,A,该方剂处方为丹参、红花、川芎、赤芍、降香,A,1
复方益母口服液治疗哪些中医证候,惊恐惊风,胎动不安血虚证,气滞血瘀证,痰浊阻滞证,寒凝血瘀证,C,该方剂中医证候为气滞血瘀证,B,0
颈痛片治疗哪些西医疾病,中老年高血压,慢性化脓性中耳炎口,新型冠状病毒肺炎,泌尿系感染,骺发育不良,C,该方剂西医疾病为颈椎病、甲状旁腺功能亢进症、肾炎/骨质疏松症、上前牙突出导致的错颌畸形、多发性脂肪囊肿、新型冠状病毒肺炎、乳腺癌-卵巢癌、低钙高钙血症、Li-Fraumeni综合征、霍纳综合征、穆尔-托雷综合征、三毛症、肝硬化、伴有免疫异常的主动脉钙化症、免疫缺陷伴有白细胞和淋巴细胞功能缺陷以及对组胺-1拮抗剂的反应、脾肿大、失聪、脂肪性水肿,D,0
补肾益精丸适用于哪些西医疾病,单纯血尿性肾病,Li-Fraumeni综合征,输卵管结扎后感染,慢性腹泻,鹅口疮,B,该方剂西医疾病为巨球蛋白血症、范布赫姆病、髋关节发育不良、多发性脂肪囊肿、乌平顿病、Li-Fraumeni综合征、乳腺癌-卵巢癌、角膜炎、三毛症、半骺发育不良伴软骨瘤和骨软骨瘤、甲状腺肿、霍纳综合征、肝硬化、伴有免疫异常的主动脉钙化症、成髓不全症、失聪、脂肪性水肿,A,0
金钱通淋口服液治疗哪些中医疾病,无名肿痛,小儿惊风,晚期血吸虫病,淋证,急性腰扭伤,D,该方剂中医疾病为淋证，腰痛,D,1
鼻塞通滴鼻液包含哪些中药材,羟苯乙酯,生地,樟油,积雪草甙,铜粉,A,该方剂处方为甜瓜蒂、羟苯乙酯,C,0
金锁固精丸治疗哪些西医疾病,或单侧上肢,空泡性神经肌病,血管性痴呆血管性头痛,狼疮肾炎,慢性泄泻,E,该方剂西医疾病为慢性泄泻、男性不育症、范布赫姆病、骨痛、青光眼、上前牙突出导致的错颌畸形、多发性脂肪囊肿、低钙高钙血症、牙齿排列不齐，伴或不伴有乳牙发育不全/孤颌症、血管瘤、前胃G细胞功能亢进导致的十二指肠溃疡、远端骨硬化、成髓不全症、四重单体、血小板原发性释放障碍、高级睡眠期综合征、中性粒细胞增多症、癫痫、逆行性痤疮、巨型水泥瘤,D,0
庆余救心丸适用于哪些西医疾病,慢性心功能不全,腔隙性脑梗死后眩晕症,早搏,梅尼埃病,神昏,C,该方剂西医疾病为心力衰竭、早搏、寒凝心脉,A,0
肾炎四味丸包含哪些中药材,黄芪,鹿胎,虎咬红,荞麦,兔儿伞,A,该方剂处方为细梗胡枝子、石韦、黄芩、黄芪,A,1
灵宝护心丹与哪些靶点基因相关,GGT1,PABPC1,PRKCH,LIG1,HSD11B1,D,该方剂靶点基因为HTR1B，HTR1D，HTR2B，HTR2C，HTR3A，HTR6，HTR7，PLA2G6，CHRNA1，CHRND，ACHE，ADORA1，ADORA3，ADCY10，CD38，ALB，ALDH2，AOX1，ALPL，ADRA1A等。,C,0
桂附理中丸适用于哪些西医疾病,预防混合痔术后肛缘水肿,心肌梗死并发传导障碍,药物毒性,无热惊厥,口腔炎,D,该方剂西医疾病为无热惊厥、骨质疏松症、强迫症、三毛症、动脉粥样硬化易感性、抗磷脂综合征、逆行性痤疮、腹部肥胖-代谢综合征、乌平顿病、类风湿结节病、脾肿大、单纯性表皮松解症、青光眼、Li-Fraumeni综合征、失聪、新型冠状病毒肺炎、遗传性角化性皮炎、甲状腺肿、霍纳综合征、视网膜动脉、脂肪性水肿,B,0
胃得安片的类别是哪些,泻下剂,退翳明目,消导剂,养血生发,清热消痤,C,该方剂类别为消导剂,C,1
温中镇痛丸适用于哪些中医证候,湿热证,肺热证,风火上扰证,胃寒证,心血虚证,D,该方剂中医证候为胃寒证、寒凝气滞证、气滞证,D,1
益中生血片包含哪些中药材,芒硝,羚角,惹苡仁,白果仁,板蓝根,C,该方剂处方为党参、山药、惹苡仁、大枣、绿矾、陈皮、法半夏、草豆蔻、甘草,D,0
刺五加脑灵液治疗哪些中医证候,脾肾亏虚，冲脉不固证,痰饮阻肺证,气阴两虚证,脾证证,心肾两虚证,C,该方剂中医证候为气阴两虚证、心脾两虚证、心神不宁证、脾肾两虚、痰瘀内阻证,E,0
舒胸胶囊中臣药是哪些,鲜竹沥,鸡眼草,川芎,细辛,番泻叶,C,该方剂君臣佐使为君药：三七；臣药：三七、川芎；佐药：红花,C,1
小儿腹泻外敷散中臣药是哪些,水线草,枳实,水河剑,大红袍,丁香,E,该方剂君臣佐使为君药：吴茱萸；臣药：肉桂、胡椒、丁香,A,0
乌贝散颗粒适用于哪些中医证候,气虚两虚证,损筋骨证,脾肾不足证,肝胃不和证,寒证证,D,该方剂中医证候为肝胃不和证,D,1
苏冰滴丸含有哪些中药材,半夏曲,青风藤经加工制成的片剂,甘蔗,冰片,山奈,D,该方剂处方为苏合香酯、冰片,D,1
苍鹅鼻炎片与哪些靶点基因相关,GSTA5,F10,DDAH1,PDHA1,PLCG1,E,该方剂靶点基因为PLCG1，EBP，HSD17B7，SRD5A2，PDPK1，PDPK1，PDPK1，PDPK1，PDPK1，PDPK1，PDPK1，PRKAB1，HTR2B，HTR2C，HTR7，ACHE，ADA，ADK，ADORA1，ADORA2A等。,A,0
心舒丸包含哪些中药材,苏合香,陈皮,香附子,朱砂,胆汁膏,A,该方剂处方为丹参、三七、冰片、藤合欢、木香、苏合香,B,0
玉金方片的类别是哪些,解表剂,活血通脉,补益药,清热凉血,和解剂,C,该方剂类别为补益药,B,0
舒肝和胃口服液有哪些功效,平肝疏络,护肤止痒,清热止咳,芳香开窍,和胃止痛,E,该方剂功效为疏肝解郁，和胃止痛,A,0
参芪十一味颗粒治疗哪些西医疾病,网状色素性皮肤病,腰椎间盘膨出症,外耳道疖肿,心房颤动,药物流产出血,A,该方剂西医疾病为干燥综合征血液系统损害、白细胞减少症、血小板减少性紫癜、疱疹性皮炎、单纯性表皮松解症、巨球蛋白血症、上前牙突出导致的错颌畸形、多发性脂肪囊肿、脂肪性水肿、网状色素性皮肤病、新型冠状病毒肺炎、低钙高钙血症、遗传性角化性皮炎、三毛症、霍纳综合征、角膜营养不良症、成髓不全症、抗磷脂综合征、脾肿大、失聪、巨型水泥瘤,D,0
热淋清糖浆的类别是哪些,开音爽咽,理血剂,清热凉血,退翳明目,祛湿剂,E,该方剂类别为祛湿剂,C,0
龟芪参口服液有哪些功效,散寒解表,清热除湿,恢复肝功能,健肾壮腰,滋阴助阳,E,该方剂功效为益气养血，滋阴助阳,D,0
心口痛药治疗哪些中医疾病,褥疮,寒厥,阴冷,腹胀,痿症,D,该方剂中医疾病为腹胀，胃胀，腹痛,B,0
四逆汤具有哪些功效,回阳救逆,豁痰清热,温壮元阳,利湿散结,解郁,A,该方剂功效为温中祛寒，回阳救逆,A,1
风湿定片的类别是什么,蠲痹通络剂,治燥剂,补益药,清热凉血,安坤除烦剂,A,该方剂类别为蠲痹通络剂,A,1
正心泰片具有哪些功效,补肺润燥,化痰降浊,降脂祛浊,补气活血,润肠泄热,D,该方剂功效为补气活血，化瘀通络,D,1
祛痹舒肩丸中佐药是哪些,巴戟天,竹叶,生川乌,鹿鞭,柿霜,A,该方剂君臣佐使为君药：羌活、桂枝；臣药：威灵仙、黄精、黄芪、秦艽、当归、地龙；佐药：巴戟天、夏天无、骨碎补、淫羊藿、延胡索、三七,A,1
溃疡灵胶囊中君药是哪些,黑木耳,三七,甘草流浸膏,暴马子皮,寻骨风,B,该方剂君臣佐使为君药：三七、儿茶；佐药：黄芪、百合；使药：甘草,B,1
偏瘫复原丸治疗哪些西医疾病,泌尿系结石,阵发性夜间血红蛋白尿,积滞不化,多发性脂肪囊肿,甲亢,D,该方剂西医疾病为三毛症、免疫缺陷伴有白细胞和淋巴细胞功能缺陷以及对组胺-1拮抗剂的反应、甲状旁腺功能亢进症、多发性脂肪囊肿、低钙高钙血症、伴有免疫异常的主动脉钙化症、疱疹性皮炎、单纯性表皮松解症、巨球蛋白血症、Li-Fraumeni综合征、毛发增生症-红皮病、角膜营养不良症、失聪、血小板减少症、网状色素性皮肤病、新型冠状病毒肺炎、遗传性角化性皮炎、霍纳综合征、脂肪性水肿,E,0
复方黄柏液中臣药是哪些,制首乌,蒲公英,竹叶,麦芽,牛耳枫,B,该方剂君臣佐使为君药：黄柏；臣药：蒲公英、金银花、连翘；佐药：蜈蚣,C,0
脑血康胶囊适用于哪些西医疾病,过早搏动。,妇产科手术后腹胀,椎基底动脉供血不足性眩晕,老年人带状疱疹,晚期高血压病,C,该方剂西医疾病为椎基底动脉供血不足性眩晕、高血压,C,1
封髓丸包含哪些中药材,木防己,野菊花,砂仁,液体石蜡,雪茶提取物,C,该方剂处方为砂仁、黄柏、炙甘草,C,1
骨痛灵酊具有哪些功效,温经散寒,消肿化瘀,健脾固肾,开音利咽,利胆降酶,A,该方剂功效为温经散寒，祛风活血，通络止痛,B,0
三七伤药颗粒包含哪些中药材,南蛇胆,绒毛龙穿草,瓜萎皮,熟干地,三七,E,该方剂处方为接骨木、骨碎补、红花、赤芍、三七、草乌、雪上一枝蒿、冰片,E,1
参茸片有哪些功效,疏肝理气,通络活血,益心肾功能,利咽止痛,疏气化郁,C,该方剂功效为补气血，益心肾功能,C,1
至宝三鞭胶囊治疗哪些中医证候,肾精不足,瘀血内阻证,风湿袭表证,精血亏虚证,湿热毒证,D,该方剂中医证候为精血亏虚证、肾精亏虚证,D,1
祛风湿骨痛酒具有哪些功效,化痰散结,祛风湿,促进皮肤修复,补养肝肾,平肝息风,B,该方剂功效为祛风湿，通经络,B,1
加味七厘散治疗哪些中医证候,湿疹,寒凝证,风证证,伤损筋骨证,邪毒内侵证,D,该方剂中医证候为伤损筋骨证、外伤证、瘀滞筋骨证、血瘀证,D,1
玉液丸具有哪些功效,燥湿截疟,解毒降浊,益气养血,祛滞,清心利水养阴,C,该方剂功效为益气养血,C,1
丹花口服液中君药是哪些,土木香,拳参,牡丹皮,油菜蜂花粉,小红参,C,该方剂君臣佐使为君药：牡丹皮、金银花；臣药：土茯苓、荆芥、连翘、防风、白芷、黄芩；佐药：皂角刺、何首乌；使药：桔梗、牛膝、浮萍,C,1
胃力片的类别是哪些,收涩药,疗伤止痛,消导剂,止咳平喘剂,和血药,C,该方剂类别为消导剂,C,1
止嗽化痰丸治疗哪些中医证候,痰热蕴肺证,胃肠积热证,表里俱实证,先天不足证,胃火炽盛证,A,该方剂中医证候为痰热蕴肺证、气逆证、痰热阻肺证,A,1
益身灵丸治疗哪些西医疾病,流脑后期,毛发增生症-红皮病,强直性脊柱炎,神经元病变,帕克曼发育不良症,D,该方剂西医疾病为强迫症、神经元病变、恶性高热、多发性脂肪囊肿、新型冠状病毒肺炎、低钙高钙血症、遗传性角化性皮炎、霍纳综合征、角膜营养不良症、伴有免疫异常的主动脉钙化症、重度情感障碍、高级睡眠期综合征、脾肿大、失聪、脂肪性水肿,C,0
克伤痛搽剂的类别是哪些,凉血活血,安胎剂,镇静息风剂,疗伤止痛,养血生发,D,该方剂类别为疗伤止痛,D,1
三白草肝炎糖浆与哪些靶点基因相关,CYP1B1,MKNK1,RCVRN,PLCG1,NOS2,D,该方剂靶点基因为PLCG1，HSD17B7，SRD5A2，PDPK1，PDPK1，PDPK1，PDPK1，PDPK1，PDPK1，PDPK1，PRKAB1，HTR1B，HTR1D，HTR1E，HTR1F，HTR2B，HTR2C，HTR6，HTR7，ACHE等。,A,0
秋燥感冒颗粒包含哪些中药材,铜石龙子,玉葡萄根,鹿骨胶,青黛,菊花,E,该方剂处方为桑叶、北沙参、竹叶、前胡、伊贝母、桔梗、麦冬、苦杏仁、甘草、菊花、山豆根,E,1
香果健消片与哪些靶点基因相关,L,LARS,TCN1,SRD5A2,CLK1,D,该方剂靶点基因为SRD5A2，PDPK1，PDPK1，PDPK1，PDPK1，PDPK1，PDPK1，PDPK1，HTR1B，HTR1D，HTR1E，HTR1F，HTR2B，HTR2C，HTR6，HTR7，ACHE，ADORA3，CD38，ALB等。,A,0
消炎利胆软胶囊包含哪些中药材,急性子,天仙子,穿心莲,鱼鳔,麸炒芡实,C,该方剂处方为穿心莲、溪黄草、苦木,C,1
肺结核丸治疗哪些西医疾病,周期性发热,镰状细胞贫血,成髓不全症,免疫性血小板减少性紫癜,青少年成熟期糖尿病,E,该方剂西医疾病为先天性角膜混浊、上前牙突出导致的错颌畸形、神经元病变、多发性脂肪囊肿、低钾血症性周期性麻痹、视网膜动脉、肝腺瘤、白内障、青少年成熟期糖尿病、成髓不全症、霍纳综合征、角膜炎、毛周角化性蚕豆病、糖尿病、抗磷脂综合征、主动脉瘤,A,0
肥儿宝冲剂小儿痞积冲剂具有哪些功效,行气逐瘀,息风镇痉,利湿消积,和络止痛,清热透表,C,该方剂功效为利湿消积，驱虫助食，健脾益气,C,1
克感利咽口服液中君药是哪些,黄芩,藏青果,土鳖虫,苍术,鹿茸草,A,该方剂君臣佐使为君药：金银花、黄芩；臣药：金银花、生地黄、荆芥、玄参、连翘、栀子、僵蚕、黄芩；佐药：甘草、桔梗、薄荷、蝉蜕、防风、射干；使药：甘草,A,1
复方珍珠暗疮片中臣药是哪些,钟乳石,黄柏,炒麦芽,鸡骨草,红芪,B,该方剂君臣佐使为君药：蒲公英、金银花；臣药：猪胆粉、黄柏、木通、黄芩、大黄；佐药：水牛角浓缩粉、珍珠层粉、当归尾、山羊角、北沙参、玄参、地黄、赤芍,D,0
小儿消积丸适用于哪些西医疾病,酒髓鼻,指纹模式相关的表型异常,单纯性表皮松解症,晚发性视网膜变性,儿童慢性鼻窦炎,B,该方剂西医疾病为青光眼、上前牙突出导致的错颌畸形、真皮皱褶、多发性脂肪囊肿、桥本甲状腺炎、新型冠状病毒肺炎、乳腺癌-卵巢癌、肝腺瘤、低钙高钙血症、自体免疫疾病、霍纳综合征、Li-Fraumeni综合征、穆尔-托雷综合征、肝硬化、伴有免疫异常的主动脉钙化症、指纹模式相关的表型异常、四重单体,E,0
南板蓝根冲剂适用于哪些中医疾病,慢喉痹,风温,牙宣,痤疮,痞积,B,该方剂中医疾病为风温，痄腮，温病，发热，感冒,B,1
百花定喘片治疗哪些西医疾病,镰状细胞贫血,硬骨鱼,重症肌无力,前列腺性血尿,失聪,E,该方剂西医疾病为上前牙突出导致的错颌畸形、神经元病变、三毛症、多发性脂肪囊肿、桥本甲状腺炎、低钙高钙血症、自体免疫疾病、伴有免疫异常的主动脉钙化症、巨球蛋白血症、卵母细胞增多症、脑动静脉畸形、角膜炎、失聪、新型冠状病毒肺炎、遗传性角化性皮炎、甲状腺肿、霍纳综合征、四重单体、脂肪性水肿,C,0
晕可平颗粒适用于哪些中医证候,气血不和经络瘀滞证,火热扰心证,胃火证,胃虚痰阻气逆证,肝阳上亢证,E,该方剂中医证候为肝阳上亢证,D,0
同仁安神丸有哪些功效,镇惊安神,抗溶血,益气活络,补腰壮骨,疏肝止痛,A,该方剂功效为养血益气，镇惊安神,A,1
耳聋左慈丸与哪些靶点基因相关,ACACB,OPRD1,MME,SMARCE1,ATP1A2,B,该方剂靶点基因为PLCG1，EBP，SRD5A2，PRKAB1，HTR1B，HTR1D，HTR1E，HTR1F，HTR2A，HTR2B，HTR2C，HTR3A，HTR6，HTR7，PGD，PLA2G6，CHRNA1，CHRND，ACHE，ADA等。,B,1
芪明颗粒适用于哪些中医证候,伤食泻,脾虚湿热证,余热未清证,风痰阻络证,肝肾不足证,E,该方剂中医证候为气阴亏虚证、肝肾不足证、瘀滞证、肝肾亏虚证,D,0
小儿健身片包含哪些中药材,甘草,牛至,地桃花,银朱,过岗龙浸膏,A,该方剂处方为人参、白术、胡黄连、使君子、山楂、六神曲、麦芽、茯苓、芦荟、甘草、黄连,A,1
双虎清肝颗粒有哪些功效,去积驱虫,理气活血,化气利水,脱毒排脓,活血润燥,B,该方剂功效为清热利湿，化痰宽中，理气活血,B,1
抗癌平丸有哪些功效,强膝力,生精养血,散瘀止痛,通经消癥,肥儿消痞,C,该方剂功效为清热解毒，散瘀止痛,D,0
大川芎片治疗哪些西医疾病,自体炎症综合征,夏季皮炎,胃肠型感冒,高级睡眠期综合征,蛋白S缺乏导致的血栓形成症,A,该方剂西医疾病为血小板信号处理缺陷、血小板减少症、幽门狭窄、自体炎症综合征、三毛症、血小板紊乱、穆尔-托雷综合征、γ-a-球蛋白、霍纳综合征、脱水型遗传性口腔粘膜细胞增多症、免疫缺陷伴有白细胞和淋巴细胞功能缺陷以及对组胺-1拮抗剂的反应、脾肿大、甘露糖结合凝集素缺乏症,C,0
芪苈强心胶囊中臣药是哪些,牛白藤,小蓟,葶苈子,牛黄,大海米,C,该方剂君臣佐使为君药：附子、黄芪；臣药：葶苈子、人参、丹参；佐药：桂枝,C,1
白清胃散适用于哪些中医证候,胃肠湿热证,心气虚损证,肝风内动证,上犯咽喉证,寒痰阻肺证,A,该方剂中医证候为胃肠湿热证、热毒蕴肠证、胃火证,A,1
速感宁胶囊适用于哪些中医疾病,鼻塞,喘证,瘫痪,雀斑,小儿厌食,A,该方剂中医疾病为鼻塞，头痛，喉痹，咳嗽，痄腮，感冒,E,0
桂林西瓜霜胶囊适用于哪些西医疾病,膝关节炎,宫颈糜烂,2型糖尿病背景型视网膜病变,缺血性脑血管病,Franceschetti - Jadassohn综合征,B,"该方剂西医疾病为宫颈糜烂、中耳炎、单纯性表皮松解症、髋关节发育不良、上前牙突出导致的错颌畸形、46,XX男性性别逆转综合征、多发性脂肪囊肿、脂肪性水肿、乌平顿病、新型冠状病毒肺炎、肝腺瘤、三毛症、霍纳综合征、类风湿结节病、角膜营养不良症、伴有免疫异常的主动脉钙化症、动脉粥样硬化易感性、高级睡眠期综合征、失聪、巨型水泥瘤",B,1
鼻通丸中使药是哪些,大青盐,酸枣仁,黑豆,甘草,苦玄参,D,该方剂君臣佐使为君药：苍耳子；臣药：薄荷、白芷、辛夷；佐药：鹅不食草、黄芩；使药：甘草,D,1
祛风胜湿酒适用于哪些西医疾病,肝肾不足，脑髓失养,甲状旁腺功能亢进症,痤疮,假性低醛固酮症,主动脉瘤,B,该方剂西医疾病为巨球蛋白血症、甲状旁腺功能亢进症、青光眼、多发性脂肪囊肿、新型冠状病毒肺炎、乳腺癌-卵巢癌、低钙高钙血症、三毛症、自体免疫疾病、穆尔-托雷综合征、角膜营养不良症、霍纳综合征、抗磷脂综合征、失聪、脂肪性水肿,E,0
参芪糖浆治疗哪些西医疾病,甲状腺功能亢进所见白细胞减少症,佩里综合征,皮肤毛细血管扩张症与癌症综合征,伴有恶性纤维组织细胞瘤的骺髓质狭窄,硬皮病,A,该方剂西医疾病为甲状腺功能亢进所见白细胞减少症、辅助治疗肿瘤放化疗所致骨髓抑制、青光眼、牙釉质发育不全症、线性伊贺病、上前牙突出导致的错颌畸形、牛皮癣、脂肪性水肿、新型冠状病毒肺炎、遗传性角化性皮炎、巨型水泥瘤、成髓不全症、霍纳综合征、皮炎、抗磷脂综合征、四重单体、失聪、特应性皮炎,A,1
参茸黑锡丸适用于哪些中医证候,营血虚滞证,心血瘀阻证,血瘀阻络证,虚热肺痿,脾胃积热证,B,该方剂中医证候为痰阻心脉证、心血瘀阻证、肾阳亏虚证、痰浊壅肺证,D,0
乌鸡桂圆补酒有哪些功效,活血消癥,除痰定惊,温肾补虚,养阴益心脾,宽胸去积,D,该方剂功效为养阴益心脾，和血通络,C,0
铁娃散铁娃丹具有哪些功效,安神止喘,散风祛寒,清热化滞,活血消痛,活血消肿,C,该方剂功效为清热化滞,A,0
三七片与哪些靶点基因相关,CHRNA1,YES1,SRC,SLC22A3,BLLF1,A,该方剂靶点基因为CHRNA1，CHRND，ACHE，AR，ACE，APLNR，GHRL，CYP19A1，CYP19A1，AURKB，BCL2L1，ARRB1，NR1H4，ABCG2，CAPN1，CNR1，CNR2，CA12，CA14，CA1等。,C,0
强肝丸具有哪些功效,破痞瘤,理气疏肝,皮肤刺激,补脾养血,舒筋活血,D,该方剂功效为补脾养血，益气解郁，利湿清热,D,1
消栓通络颗粒包含哪些中药材,川芎,复方珊瑚姜酊,活性碳,瓜蒌,刺五加,A,该方剂处方为川芎、丹参、黄芪、泽泻、三七、槐花、桂枝、郁金、木香、冰片、山楂,A,1
丁蔻理中丸中臣药是哪些,山僵,白术,瓜萎,焦槟榔,肉苁蓉,B,该方剂君臣佐使为君药：党参；臣药：干姜、白术；佐药：豆蔻、丁香；使药：炙甘草,B,1
蛇咬丸有哪些功效,收敛制酸,消肿止痛,开胃下气,润肺滋肾,养阴润肠,B,该方剂功效为解毒祛风，消肿止痛,B,1
小儿咳喘颗粒的类别是什么,解毒消肿,止咳平喘剂,通络止痛,调和药,消核散结,B,该方剂类别为止咳平喘剂,B,1
冠心生脉丸中佐药是哪些,山羊角,郁金,翠云草,制附子,芒硝,B,该方剂君臣佐使为君药：人参；臣药：五味子、麦冬；佐药：三七、赤芍、郁金、丹参,B,1
肥儿散治疗哪些西医疾病,幼童乳房肿块,免疫缺陷伴有白细胞和淋巴细胞功能缺陷以及对组胺-1拮抗剂的反应,腮腺炎,巨球蛋白血症,克雅氏病,D,该方剂西医疾病为营养不良、巨球蛋白血症、骨痛、强迫症、多发性脂肪囊肿、乌平顿病、新型冠状病毒肺炎、Li-Fraumeni综合征、遗传性角化性皮炎、霍纳综合征、类风湿结节病、角膜营养不良症、伴有免疫异常的主动脉钙化症、李-弗劳米尼综合征、高级睡眠期综合征、脾肿大、失聪、脂肪性水肿,C,0
舒泰丸具有哪些功效,温经祛风,保护创面,清音化痰,舒肝理气,养血益气,D,该方剂功效为舒肝理气,A,0
胆乐胶囊包含哪些中药材,绿茶,郁金,绵大戟,罂粟壳,一枝黄花,B,该方剂处方为猪胆、陈皮、山楂、郁金、连钱草,B,1
健身长春膏含有哪些中药材,土大黄,川芎,双龙风湿跌打流浸膏,紫荆皮,猪脊髓,B,该方剂处方为红参、炙黄芪、茯苓、白术、白芍、炙甘草、熟地黄、当归、川芎、枸杞子、制何首乌、女贞子、桑椹、陈皮、半夏,E,0
午时茶的类别是什么,镇静息风剂,清热祛湿,理气剂,理血剂,解表药,E,该方剂类别为解表药,B,0
骨筋胶囊中臣药是哪些,柘木,石韦,银杏叶,郁金,木香,E,该方剂君臣佐使为君药：乳香、没药；臣药：延胡索、红花、三七、木香、郁金；佐药：马钱子、血竭、独活、白芍、牛膝、桂枝、秦艽,A,0
益肝乐冲剂治疗哪些中医证候,肾虚血瘀证证,肝胆湿热证,少阳阳明合病,肺经燥热证,伤风寒湿凝滞筋骨证,B,该方剂中医证候为湿热蕴蒸证、肝胆湿热证,A,0
脂脉康胶囊中佐药是哪些,萸肉,石楠藤,白兹,刺五加,山慈姑,D,该方剂君臣佐使为君药：普洱茶；臣药：芜蔚子、三七、荷叶、山楂；佐药：刺五加、何首乌、桑寄生、莱菔子、葛根、槐花、黄精、菊花、黄芪、杜仲、大黄,A,0
抗老延年丸含有哪些中药材,大青盐,落花生枝叶,甘草干浸膏,蛇肉,蚕砂,A,该方剂处方为茯苓、炙黄芪、芡实、熟地黄、黑芝麻、侧柏叶、黄精、黑豆、山药、龙骨、琥珀、紫河车、珍珠、制何首乌、核桃仁、天冬、麦冬、玄参、大青盐、大枣,A,1
感冒清热胶囊中君药是哪些,桑寄生,荆芥穗,落新妇提取物,诃子,昆布,B,该方剂君臣佐使为君药：荆芥穗、防风；臣药：紫苏叶、葛根、柴胡、薄荷、白芷；佐药：苦地丁、杏仁、桔梗、芦根,B,1
气血双补丸适用于哪些中医疾病,干霍乱,乳积,解㑊,冷泪,绝经前后诸症,C,该方剂中医疾病为解㑊，月经失调，虚劳,E,0
复方四季青片治疗哪些中医疾病,风癣,五迟,瘾疹,痿痹,感冒,E,该方剂中医疾病为咳嗽，感冒,C,0
孕妇清火丸含有哪些中药材,乌鸡浸膏,黄芩,熟地黄菟丝子,驳骨丹,碎骨木,B,该方剂处方为黄芩、知母、石斛、柴胡、地黄、薄荷、白芍、白术、甘草,B,1
牛黄蛇胆川贝散具有哪些功效,益肾健脾,消解疮毒,清热,化瘀软坚,祛暑利湿,C,该方剂功效为清热，化痰，止咳,C,1
养血饮口服液含有哪些中药材,升华硫,三颗针,石耳,当归,青皮,D,该方剂处方为当归、黄芪、鹿角胶、阿胶、大枣,D,1
养阴镇静片与哪些靶点基因相关,PDHA2,DTYMK,ATP5A1,JAK3,AKR1C1,D,该方剂靶点基因为PLCG1，PLCG2，EBP，SRD5A2，PRKAB1，HTR1B，HTR1D，HTR1E，HTR1F，HTR2B，HTR2C，HTR3A，HTR6，HTR7，ACHE，CHIA，ADA，ADK，ADORA1，ADORA2A等。,A,0
杜仲平压片治疗哪些中医证候,肝肾阴虚证,痰浊内阻证,火热伤津证,血热证,肺气不足证,A,该方剂中医证候为肝肾阴虚证、肝肾不足证,E,0
通便消痤胶囊的类别是哪些,清热解毒,祛风通窍,清热祛暑药,安胎剂,清热消痤,E,该方剂类别为清热消痤,E,1
巴戟补酒适用于哪些西医疾病,上前牙突出导致的错颌畸形,狼疮性肾炎,乙型脑炎以及感染性炎症,乳腺炎,肾功能衰竭,A,该方剂西医疾病为上前牙突出导致的错颌畸形、免疫缺陷伴有白细胞和淋巴细胞功能缺陷以及对组胺-1拮抗剂的反应、乳头状瘤病、多发性脂肪囊肿、乌平顿病、伴有免疫异常的主动脉钙化症、疱疹性皮炎、青光眼、北村网状色素沉着症、角膜营养不良症、掌跖角化症、西门子鱼鳞病、失聪、脂肪性水肿、新型冠状病毒肺炎、疣状角化症、遗传性角化性皮炎、霍纳综合征、牛皮癣,B,0
利肝片的类别是什么,祛湿剂,化痰药,解毒消肿,清热药,温里剂,A,该方剂类别为祛湿剂,D,0
紫雪丹有哪些功效,补血安胎,愈创,制酸,平肝补肾,清热解毒,E,该方剂功效为清热解毒，镇痉熄风，开窍定惊,E,1
四物胶囊与哪些靶点基因相关,SLC22A4,PLCG1,HK1,GSTA4,CRP,B,该方剂靶点基因为PLCG1，PLCG2，RNASEL，EBP，SRD5A2，PRKAB1，HTR1B，HTR2B，HTR2C，HTR6，HTR7，ACHE，ADA，ADK，ADORA1，ADORA2A，ADORA2B，ADORA2A，ADORA3，AHCY等。,A,0
二母安嗽糖浆适用于哪些中医证候,阴虚肺燥证,痹阻脉络证,表虚自汗,外寒证,肝气郁结证,A,该方剂中医证候为肺燥郁热证、阴虚肺燥证,A,1
止咳橘红颗粒中臣药是哪些,威灵仙,布渣叶,法半夏,红豆蔻,干蟾,C,该方剂君臣佐使为君药：瓜蒌皮、化橘红；臣药：法半夏、瓜蒌皮、化橘红、茯苓、陈皮、知母、石膏；佐药：苦杏仁、紫苏子、款冬花、麦冬、桔梗、地黄、紫菀；使药：甘草,C,1
感冒康胶囊具有哪些功效,益气解表,扶肾壮阳,止痢止泻,清热,养血通脉,D,该方剂功效为清热，消炎，解毒,A,0
风湿关节炎丸具有哪些功效,益气养荣,益肾固冲,安神定惊,益气化痰,活血止痛,E,该方剂功效为祛风燥湿，活血止痛,E,1
人参鹿茸丸治疗哪些西医疾病,轻症急性胰腺炎,自发性气胸,乳头状瘤病,上前牙突出导致的错颌畸形,牙龈炎以及小儿夏季热,D,该方剂西医疾病为疱疹性皮炎、骨痛、上前牙突出导致的错颌畸形、血小板信号处理缺陷、血小板减少症、多发性脂肪囊肿、新型冠状病毒肺炎、肝腺瘤、遗传性角化性皮炎、Li-Fraumeni综合征、霍纳综合征、三毛症、白斑病、成髓不全症、伴有免疫异常的主动脉钙化症、免疫缺陷伴有白细胞和淋巴细胞功能缺陷以及对组胺-1拮抗剂的反应、失聪、巨型水泥瘤,E,0
刺五加胶囊适用于哪些西医疾病,化脓性感染,罗兰型癫痫,脱发,系统性红斑狼疮,妇人经期,D,该方剂西医疾病为系统性红斑狼疮,C,0
罗布麻茶适用于哪些中医疾病,眩晕,漏下,疮疡,惊风,血吸虫病,A,该方剂中医疾病为眩晕，失眠，心悸,A,1
小儿止嗽金丸与哪些靶点基因相关,CLPS,PGK1,TAS1R2,CYP24A1,ARG2,D,该方剂靶点基因为CYP24A1，PLCG1，CYP27B1，EBP，HSD17B7，SRD5A2，PDPK1，PDPK1，PDPK1，PDPK1，PDPK1，PDPK1，PDPK1，PRKAB1，HTR1B，HTR1D，HTR1E，HTR1F，HTR2A，HTR2B等。,A,0
丹参颗粒的类别是哪些,化痰药,理血剂,活血祛风,调和药,补肾壮骨,B,该方剂类别为理血剂,B,1
青蛤散与哪些靶点基因相关,OPRK1,MAFF_RS13750,HLA-DRB3,CCT3,ADCYAP1,A,该方剂靶点基因为HTR1B，HTR1D，HTR1E，HTR2B，HTR2C，HTR3A，HTR6，HTR7，DHCR7，ACHE，ADORA1，ADORA3，ADRA1A，ADRA1D，APP，AR，APAF1，CYP19A1，CYP19A1，AURKB等。,A,1
参茸三鞭丸适用于哪些中医证候,肝火上炎证,肝风内动证,肾阳虚证,心阴虚证,肾元亏虚证,C,该方剂中医证候为肾阳虚证、肾精亏虚证、肾阳不足证、肾阴亏虚证,E,0
安阳精制膏的类别是哪些,补益剂,解表药,蠲痹通络剂,止泻剂,杀虫止痒,C,该方剂类别为蠲痹通络剂,A,0
胃安宁片有哪些功效,调经补血,止咳,制酸敛溃,通经活血,降逆,C,该方剂功效为制酸敛溃，解痉止痛,C,1
加味逍遥片与哪些靶点基因相关,NTSR1,ACHE,PLCG1,SLC7A9,HSP90AB1,C,该方剂靶点基因为PLCG1，PLCG2，RNASEL，EBP，SRD5A2，PDPK1，PDPK1，PDPK1，PDPK1，PDPK1，PDPK1，PDPK1，PRKAB1，HTR1B，HTR1D，HTR1E，HTR1F，HTR2A，HTR2B，HTR2C等。,A,0
健脾理肠片治疗哪些中医证候,肺肾阴亏，虚火上炎证,气阴亏虚证,脾肾不足证,脾虚湿阻证,风热伤络证,D,该方剂中医证候为脾虚证、脾虚湿阻证,D,1
心达康片治疗哪些西医疾病,原发性肝癌,病毒性心肌炎,糖尿病肾病并慢性肾衰竭,羟考酮所致便秘,前轴缺陷,B,该方剂西医疾病为病毒性心肌炎、高原心脏病、高血压、瘀血闭阻引起的肺源性心脏病,B,1
婴儿保肺散与哪些靶点基因相关,PLCG1,PPP3CA,NDUFB3,THYA,MAPK8,A,该方剂靶点基因为PLCG1，EBP，HSD17B7，SRD5A2，PRKAB1，HTR1B，HTR1D，HTR2B，HTR2C，HTR6，HTR7，CHRNA1，CHRND，ACHE，LYPLA1，LYPLA2，ADA，ADK，ADORA1，ADORA2A等。,A,1
复方刺五加片与哪些靶点基因相关,YWHAG,SERPINA1,ADORA2A,FBXO41,ADORA2B,A,该方剂靶点基因为YWHAG，PLCG1，PLCG2，EBP，SRD5A2，PDPK1，PDPK1，PDPK1，PDPK1，PDPK1，PDPK1，PDPK1，PRKAB1，HTR2B，HTR2C，HTR6，DHCR7，ACHE，ADA，ADK等。,A,1
枇杷止咳软胶囊中臣药是哪些,鹿心粉,花生衣,绿豆,太子参,白前,E,该方剂君臣佐使为君药：枇杷叶；臣药：桑白皮、白前；佐药：薄荷脑、罂粟壳、桔梗、百部,E,1
麝香舒活精的类别是哪些,益肾明目,和血药,止泻剂,清热药,镇静息风剂,B,该方剂类别为和血药,D,0
安宫牛黄胶囊有哪些功效,活络生发,止血收敛,补肝益肾,止咳抗唠,镇惊开窍,E,该方剂功效为清热解毒，镇惊开窍,E,1
定风止痛胶囊与哪些靶点基因相关,ACHE,PYCR2,CYP24A1,ITK,MGST3,C,该方剂靶点基因为CYP24A1，PLCG1，EBP，SRD5A2，PRKAB1，HTR2B，HTR2C，HTR7，CHRNA1，CHRND，ACHE，ADA，ADK，ADORA1，ADORA2A，ADORA2B，ADORA2A，ADORA3，AHCY，CD38等。,A,0
痧气散与哪些靶点基因相关,SI,MAPK8,PRKAG2,CASP4,UBE2I,A,该方剂靶点基因为SRD5A2，HTR2C，HTR7，ACHE，ADORA3，CD38，ALB，AKR1C3，ALPL，ALK，AMY1B，APP，AR，CYP19A1，CYP19A1，AHR，AURKB，BCL2L1，BACE1，BACE1等。,A,1
肠胃宁片中君药是哪些,缬草,葶苈子,猪殃殃,黄芪,姜半夏,D,该方剂君臣佐使为君药：补骨脂、黄芪；臣药：炙甘草、葛根、干姜、白术、防风、党参；佐药：罂粟壳、赤石脂、延胡索、儿茶、白芍、木香、砂仁、当归；使药：炙甘草,D,1
六味地黄颗粒与哪些靶点基因相关,DAPK1,ASS,ADCY10,NDUFA1,GSTZ1,A,该方剂靶点基因为PLCG1，EBP，SRD5A2，PRKAB1，HTR1B，HTR1D，HTR1E，HTR1F，HTR2A，HTR2B，HTR2C，HTR3A，HTR6，HTR7，PLA2G6，CHRNA1，CHRND，ACHE，ADA，ADK等。,A,1
灵源万应茶适用于哪些西医疾病,癣病,溃疡性结肠炎,辅助治疗肿瘤放化疗所致骨髓抑制,湿热型小儿泄泻,三毛症,E,该方剂西医疾病为三毛症、中性粒细胞减少、γ-a-球蛋白、免疫缺陷伴有白细胞和淋巴细胞功能缺陷以及对组胺-1拮抗剂的反应、多发性脂肪囊肿、乌平顿病、低钙高钙血症、伴有免疫异常的主动脉钙化症、脾肿大、疱疹性皮炎、单纯性表皮松解症、Li-Fraumeni综合征、失聪、血小板减少症、网状色素性皮肤病、新型冠状病毒肺炎、遗传性角化性皮炎、霍纳综合征、脂肪性水肿,D,0
银黄含片适用于哪些中医证候,脾虚泻,风热证,胃火证,肾阴虚证,胞宫寒湿证,B,该方剂中医证候为肺胃热盛证、风热证,B,1
胃太平胶囊与哪些靶点基因相关,PLCG1,ASRGL1,MAP3K7,GSTM5,ADORA3,A,该方剂靶点基因为PLCG1，EBP，SRD5A2，PRKAB1，HTR1B，HTR1D，HTR1E，HTR2B，HTR2C，HTR3A，HTR6，HTR7，DHCR7，ACHE，ADA，ADK，ADORA1，ADORA2A，ADORA2B，ADORA2A等。,A,1
柴银口服液与哪些靶点基因相关,TDP2,ESD,TSTA3,FFAR4,EGF,D,该方剂靶点基因为CYP24A1，YWHAG，PLCG1，RNASEL，CYP27B1，EBP，HSD17B7，SRD5A2，PDPK1，PDPK1，PDPK1，PDPK1，PDPK1，PDPK1，PDPK1，PRKAB1，HTR1B，HTR1D，HTR2B，HTR2C等。,A,0
骨痛药酒有哪些功效,化痰减肥,软坚止痛,散风,补气健脾,祛风定痛,E,该方剂功效为祛风定痛，舒筋活络,E,1
息伤乐酊有哪些功效,活血化瘀,开窍辟秽,补血理气,温中健脾,止嗽,A,该方剂功效为活血化瘀，消肿止痛,A,1
消痞阿魏丸适用于哪些西医疾病,肾性血尿,椎基底动脉供血不足,自体免疫疾病,急性乳腺炎,十二指肠球部溃疡,C,该方剂西医疾病为骨痛、强迫症、青光眼、多发性脂肪囊肿、乌平顿病、新型冠状病毒肺炎、低钙高钙血症、遗传性角化性皮炎、自体免疫疾病、霍纳综合征、粘膜溃疡、类风湿结节病、伴有免疫异常的主动脉钙化症、免疫缺陷伴有白细胞和淋巴细胞功能缺陷以及对组胺-1拮抗剂的反应、高级睡眠期综合征、失聪、脂肪性水肿,E,0
银黄注射液适用于哪些中医疾病,感冒,滑精,发热,肺热病,多汗症,A,该方剂中医疾病为风温，发热，感冒,A,1
疮肿灵软膏治疗哪些中医疾病,血证,疮疡,经行乳房胀痛,湿疹,鼻咽癌,B,该方剂中医疾病为丹毒，疮疡，红丝疔，乳痈,D,0
牛黄醒消丸中佐药是哪些,功劳叶,甘草,狗腿骨,马齿苋,乳香,E,该方剂君臣佐使为君药：牛黄；臣药：麝香；佐药：乳香、没药；使药：雄黄,C,0
抗栓保心片适用于哪些西医疾病,新生儿毒性红斑,帕克曼发育不良症,肾上腺雄激素分泌过多,慢性前列腺炎伴勃起功能障碍,巨球蛋白血症,E,"该方剂西医疾病为巨球蛋白血症、免疫缺陷伴有白细胞和淋巴细胞功能缺陷以及对组胺-1拮抗剂的反应、46,XX男性性别逆转综合征、神经元病变、真皮皱褶、多发性脂肪囊肿、幽门狭窄、桥本甲状腺炎、遗传性角化性皮炎、三毛症、霍纳综合征、肝硬化、指纹模式相关的表型异常、四重单体、失聪、巨型水泥瘤",D,0
小儿清热止咳口服液中臣药是哪些,苦杏仁,黄柏,大麻药,淡竹叶,红茶,A,该方剂君臣佐使为君药：麻黄、石膏；臣药：苦杏仁、黄芩；佐药：板蓝根、北豆根；使药：甘草,A,1
二陈合剂含有哪些中药材,猪胆粉,姜半夏,三叉苦,篇蓄,广东紫珠干浸膏,B,该方剂处方为陈皮、姜半夏、茯苓、炙甘草、生姜,B,1
喉疾灵胶囊治疗哪些中医证候,热毒壅滞证,热伤风证,热毒内蕴证,阴虚热盛证,痰蒙清窍证,C,该方剂中医证候为热毒攻喉证、热毒内蕴证、上攻咽喉证、肺胃热盛,A,0
妇乐颗粒适用于哪些中医证候,眼瘠,胞宫血热证,寒湿内盛证,肺胃热盛,督脉证,B,该方剂中医证候为湿热瘀结证、瘀热证、胞宫血热证,B,1
清热感冒冲剂含有哪些中药材,鸭脚木,醋南五味子,穿山,低分子右旋糖酐注射液,马鞭草,E,该方剂处方为紫苏叶、一枝黄花、马鞭草、土荆芥、爵床、枇杷叶、野甘草,E,1
复方消食冲剂与哪些靶点基因相关,NPBWR1,CYP24A1,FGFR3,CHRM4,PTPN13,B,该方剂靶点基因为CYP24A1，PLCG1，CYP27B1，EBP，SRD5A2，PDPK1，PDPK1，PDPK1，PDPK1，PDPK1，PDPK1，PDPK1，PRKAB1，HTR1B，HTR1D，HTR1E，HTR1F，HTR2A，HTR2B，HTR2C等。,D,0
雪上一枝蒿速效止痛搽剂的类别是什么,理血剂,补益药,祛风药,和血药,泻下剂,D,该方剂类别为和血药,C,0
小儿金丹片中君药是哪些,竹茹,橘叶,丁香油,荆芥穗,南沙参,D,该方剂君臣佐使为君药：牛蒡子、薄荷脑、荆芥穗、西河柳、羌活、葛根、防风；臣药：大青叶、玄参、地黄、赤芍、冰片；佐药：水牛角、川贝母、羚羊角、清半夏、胆南星、钩藤、桔梗、枳壳、橘红、天麻、前胡、木通、朱砂；使药：甘草,D,1
妇必舒阴道泡腾片适用于哪些西医疾病,硬骨鱼,强迫症,膀胱憩室,主动脉瓣疾病,2型糖尿病背景型视网膜病变,B,该方剂西医疾病为强迫症、上前牙突出导致的错颌畸形、粘膜溃疡、动脉粥样硬化易感性、免疫缺陷伴有白细胞和淋巴细胞功能缺陷以及对组胺-1拮抗剂的反应、多发性脂肪囊肿、乌平顿病、肝腺瘤、低钙高钙血症、类风湿结节病、伴有免疫异常的主动脉钙化症、低脑脂蛋白血症、体重指数定量特征点1、高级睡眠期综合征、失聪、新型冠状病毒肺炎、霍纳综合征、重度情感障碍、脂肪性水肿,E,0
齿痛宁适用于哪些中医疾病,牙痛,青光眼,蛔厥,旌痹,伤湿,A,该方剂中医疾病为牙痛,A,1
云香精适用于哪些中医证候,脾胃积热证,痰浊蒙窍证,脾虚肝旺证,湿热困脾证,风邪袭表证,E,该方剂中医证候为风寒湿凝滞筋骨证、风湿证、风邪袭表证,E,1
金嗓散结颗粒治疗哪些西医疾病,皮肤病,髋关节发育不良,胚胎移植,动脉瘤,消化性溃疡,B,该方剂西医疾病为疱疹性皮炎、伴有免疫异常的主动脉钙化症、巨球蛋白血症、心肌病、髋关节发育不良、青光眼、球形红细胞增多症、新型冠状病毒肺炎、遗传性角化性皮炎、霍纳综合征、角膜营养不良症、肝硬化、γ-a-球蛋白、免疫缺陷伴有白细胞和淋巴细胞功能缺陷以及对组胺-1拮抗剂的反应、脾肿大、脊柱骺发育不良Tarda、失聪、脂肪性水肿,E,0
中风回春胶囊有哪些功效,活血化瘀,补阴培阳,调补肝肾,改善微循环,固表和营,A,该方剂功效为活血化瘀，舒筋通络,A,1
肝达康片适用于哪些中医疾病,胃癌,消化道肿瘤,腰肌劳损,腹胀,喉痹,D,该方剂中医疾病为下痞，胁痛，腹胀,B,0
益气润肠膏适用于哪些中医疾病,胁肋痛,遗精月经过多,便秘,癥瘕,蛔厥,C,该方剂中医疾病为腹胀，便秘,C,1
小儿香橘丸与哪些靶点基因相关,SQLE,QARS1,NDUFA5,HCK,CA4,E,该方剂靶点基因为CYP24A1，PLCG1，CYP27B1，EBP，SRD5A2，PDPK1，PDPK1，PDPK1，PDPK1，PDPK1，PDPK1，PDPK1，PRKAB1，HTR1B，HTR1D，HTR1E，HTR1F，HTR2A，HTR2B，HTR2C等。,A,0
清宫寿桃丸包含哪些中药材,瓜蒌仁,红豆蔻,枳壳干浸膏,当归,茵陈提取物,D,该方剂处方为驴肾、鹿肾、狗肾、枸杞子、人参、天冬、麦冬、地黄、当归、益智、蚕砂、酸枣仁、分心木,D,1
少林正骨精的类别是哪些,理气药,调和药,接骨续筋,清热消痤,和血药,E,该方剂类别为和血药,C,0
肠胃适胶囊中臣药是哪些,岗梅,小蓟,草乌,铁线草,凤尾草,E,该方剂君臣佐使为臣药：凤尾草、黄连须、两面针；佐药：鸡骨香、救必应、葛根、防己,E,1
清热神芎丸治疗哪些中医疾病,脘痞,遗精,经行头痛,便秘,肢痿,D,该方剂中医疾病为牙痛，便秘,D,1
石淋通片治疗哪些中医疾病,乳癖,石淋,热淋,绝经前后诸病,痛经,B,该方剂中医疾病为热淋，石淋,C,0
消食健脾片与哪些靶点基因相关,NLRP3,GANAB,F3,CTH,NDUFA11,C,该方剂靶点基因为CYP24A1，PLCG1，CYP27B1，HSD17B7，SRD5A2，PDPK1，PDPK1，PDPK1，PDPK1，PDPK1，PDPK1，PDPK1，PRKAB1，HTR1B，HTR1D，HTR1E，HTR1F，HTR2B，HTR2C，HTR6等。,A,0
风湿止痛药酒治疗哪些西医疾病,失聪,髓质海绵肾,各类贫血,小儿变应性鼻炎,单纯性表皮松解症,E,该方剂西医疾病为单纯性表皮松解症、多发性脂肪囊肿、新型冠状病毒肺炎、低钙高钙血症、遗传性角化性皮炎、Li-Fraumeni综合征、霍纳综合征、三毛症、四重单体、垂直距骨、角膜营养不良症、伴有免疫异常的主动脉钙化症、球形红细胞增多症、抗磷脂综合征、脾肿大、失聪、脂肪性水肿,D,0
黄连解毒汤治疗哪些西医疾病,小儿反复呼吸道感染,泌尿系感染,鱼鳞病,甲状腺功能亢进症,痤疮,B,"该方剂西医疾病为乙型脑炎以及感染性炎症、痢疾、流行性脑脊髓膜炎、败血症、泌尿系感染、肺炎、脓毒血症、外阴阴道炎、上前牙突出导致的错颌畸形、神经元病变、46,XX男性性别逆转综合征、多发性脂肪囊肿、桥本甲状腺炎、肝腺瘤、乳腺癌-卵巢癌、Li-Fraumeni综合征、自体免疫疾病、霍纳综合征、远端骨硬化、穆尔-托雷综合征、肝硬化、四重单体、失聪、巨型水泥瘤",B,1
黄水疮散包含哪些中药材,白凡士林,粳米,唐古特乌头,白芷,蛇莓,D,该方剂处方为五倍子、白矾、黄柏、槐花、白芷、轻粉、铅丹,D,1
断血流胶囊适用于哪些中医疾病,月经过多,劳淋,天行赤眼暴翳,痉病,癔病,A,该方剂中医疾病为月经过多，崩漏，咯血，吐血，便血，尿血,A,1
抗栓胶囊包含哪些中药材,稻米,桔梗提取物,土茯苓,木汉果,头花蓼,C,该方剂处方为当归、丹参、僵蚕、壁虎、土鳖虫、蜈蚣、水蛭、蜂房、地龙、马钱子、麝香、蟾酥、甘草、土茯苓、延胡索、骨碎补、乌梢蛇、虻虫、穿山甲,E,0
妇康口服液与哪些靶点基因相关,GLRX2,PROS1,PPP2CB,ALDH1A3,PTAFR,E,该方剂靶点基因为YWHAG，PLCG1，SRD5A2，PDPK1，PDPK1，PDPK1，PDPK1，PDPK1，PDPK1，PDPK1，PRKAB1，HTR1B，HTR1D，HTR1E，HTR1F，HTR2A，HTR2B，HTR2C，HTR3A，HTR6等。,A,0
乌梅冲剂治疗哪些中医疾病,黄胖病,头痛,遗尿,腹泻,湿温,D,该方剂中医疾病为腹痛，久咳，咳嗽，腹泻,A,0
八厘散适用于哪些中医证候,瘀滞筋骨证,心脾两虚证,悬饮,热淋证,温燥证,A,该方剂中医证候为伤损筋骨证、瘀滞筋骨证,A,1
七消丸具有哪些功效,行瘀调经,利湿消肿,宣肺化痰止咳,升阳举陷,芳香益气通脉,B,该方剂功效为滋阴补肾，健脾益胃，利湿消肿,A,0
金匮肾气片中佐药是哪些,石燕,玳瑁,硒砂,川牛膝,泽泻,E,该方剂君臣佐使为君药：附子、牛膝、桂枝；臣药：山茱萸、地黄、山药；佐药：车前子、牡丹皮、茯苓、熟地、山药、泽泻,D,0
舒肝理气丸适用于哪些中医疾病,血淋,五更泻,郁证,疖肿,发颐,C,该方剂中医疾病为郁证,C,1
强心丸的类别是什么,开音爽咽,活血通脉,疏风清热,活血消癜剂,补益药,E,该方剂类别为补益药,E,1
参附注射液适用于哪些西医疾病,预防先兆子痫,各类创作,小儿湿疹,精液不液化症,黑皮病,B,该方剂西医疾病为各类创作、透析低血压、化疗后骨髓抑制、手术后缺血再灌注损伤、急性肾功能衰竭、脑卒中,B,1
止嗽青果丸具有哪些功效,醒脑散瘀,化石止痛,止咳平喘,开郁顺气,涤痰逐饮,C,该方剂功效为宣肺化痰，止咳平喘,C,1
妇科万应膏有哪些功效,疏通气血,益精生髓,开胃进食,理气活血,通阳化浊,D,该方剂功效为理气活血，温经散寒,A,0
补血益母颗粒包含哪些中药材,漳州神曲,五味子流浸膏,阿胶,人工  麝香,维生素E,C,该方剂处方为当归、黄芪、阿胶、益母草、陈皮、蔗糖、糊精,C,1
龟鹿补肾丸中君药是哪些,土贝母,大青盐,王不留行,煅石决明,龟甲胶,E,该方剂君臣佐使为君药：鹿角胶、龟甲胶；臣药：菟丝子、何首乌、熟地黄、淫羊藿、锁阳、狗脊、黄芪、山药、续断；佐药：酸枣仁、覆盆子、金樱子、陈皮；使药：甘草,E,1
护肝胶囊治疗哪些西医疾病,神经性呃逆,Franceschetti - Jadassohn综合征,脂肪肝,Cfhr5缺乏症,前胃G细胞功能亢进导致的十二指肠溃疡,C,该方剂西医疾病为脂肪肝、慢性肝炎、药物性肝损伤、肝硬化、巨球蛋白血症、骨痛、血小板减少症、球形红细胞增多症、多发性脂肪囊肿、新型冠状病毒肺炎、低钙高钙血症、遗传性角化性皮炎、霍纳综合征、穆尔-托雷综合征、角膜营养不良症、伴有免疫异常的主动脉钙化症、肝硬化、伯纳德-苏利尔综合征、抗磷脂综合征、脾肿大、失聪、脂肪性水肿,C,1
洁尔阴泡腾洗液有哪些功效,调经消瘀,清咽利喉,杀虫止痒,祛风镇痛,健脾豁痰,C,该方剂功效为清热燥湿，杀虫止痒,C,1
和血明目片中使药是哪些,红芪,决明子,马勃,穿山,寒水石,B,该方剂君臣佐使为君药：牡丹皮、女贞子、生地黄；臣药：川芎、赤芍、蒲黄、当归、丹参；佐药：夏枯草、龙胆草、菊花、郁金、木贼、黄芩；使药：车前子、决明子,B,1
生发酊有哪些功效,凉血解毒,温经通脉,温暧子宫,滋阴清热,滋肾养阴,B,该方剂功效为温经通脉,A,0
伤科七味片的类别是哪些,清热剂,调和药,治燥剂,和血药,表里双解药,D,该方剂类别为和血药,A,0
康氏牛黄解毒丸与哪些靶点基因相关,CHEK1,KDR,PTPN2,FARSB,PTGER3,B,该方剂靶点基因为PLCG1，RNASEL，EBP，HSD17B7，SRD5A2，PDPK1，PDPK1，PDPK1，PDPK1，PDPK1，PDPK1，PDPK1，PRKAB1，HTR1B，HTR1D，HTR1E，HTR1F，HTR2A，HTR2B，HTR2C等。,A,0
痫愈胶囊中臣药是哪些,刺五加,酸枣仁,黄芩提取物,制何首乌,蒿蓄,B,该方剂君臣佐使为君药：白附子、钩藤、天麻、僵蚕；臣药：酸枣仁、六神曲、石菖蒲、黄芪、郁金、当归、远志、党参、丹参；佐药：甘草；使药：柴胡,D,0
麝香海马追风膏中臣药是哪些,苦参,五加皮,糯稻根,倒扣草,海马,E,该方剂君臣佐使为君药：人工麝香、马钱子；臣药：乳香、防己、荆芥、肉桂、红花、海马、没药、川芎、赤芍、木瓜、天麻、防风、当归；佐药：怀牛膝、樟脑、杜仲、冰片；使药：甘草,E,1
贝母花片具有哪些功效,助消化,化痰,滋补肾水,助阳化饮,清心涤痰,B,该方剂功效为止咳，化痰,B,1
老范志万应神曲有哪些功效,健脾祛湿,生精补髓,清热祛湿,除湿杀虫,消积化湿,E,该方剂功效为疏风解表，消积化湿，醒脾开胃,E,1
萆薢分清饮与哪些靶点基因相关,MMP1,PKD1,NFKB1,TM1009,DR_A0149,B,该方剂靶点基因为PLCG1，SRD5A2，PRKAB1，HTR1B，HTR1D，HTR1E，HTR1F，HTR2B，HTR2C，HTR3A，HTR6，HTR7，DHCR7，ACHE，ADA，ADK，ADORA1，ADORA2A，ADORA2B，ADORA2A等。,B,1
八宝治红丸适用于哪些西医疾病,轻症急性胰腺炎,痤疮,早期脑出血,单纯性表皮松解症,中风先兆,D,该方剂西医疾病为单纯性表皮松解症、髋关节发育不良、多发性脂肪囊肿、乌平顿病、新型冠状病毒肺炎、乳腺癌-卵巢癌、三毛症、霍纳综合征、抗磷脂综合征、角膜营养不良症、伴有免疫异常的主动脉钙化症、高级睡眠期综合征、脾肿大、失聪、脂肪性水肿,C,0
含化上清片与哪些靶点基因相关,DDAH1,GRIA4,GPHN,NR3C1,DHFRL1,B,该方剂靶点基因为PLCG1，SRD5A2，PRKAB1，HTR2B，HTR2C，ACHE，CHIA，ADA，ADK，ADORA1，ADORA2A，ADORA2B，ADORA2A，ADORA3，AHCY，ADCY10，CD38，ALDH2，AOX1，AKR1C3等。,A,0
芙朴感冒颗粒包含哪些中药材,苦杏仁霜,陈皮,谷芽,杉木果,叶下花,B,该方剂处方为芙蓉叶、厚朴、陈皮、牛蒡子,B,1
王氏保赤丸适用于哪些中医疾病,白发症,痿病,肥胖病,惊悸,痞积,E,该方剂中医疾病为痞积，痰厥，急惊风，积滞，疳病，发热，感冒,D,0
牛黄抱龙丸治疗哪些中医证候,风热犯目证,暴受惊恐,脾肾两亏证,血虚肝郁证,肺经郁热证,B,该方剂中医证候为疫邪发搐、风痰证、暴受惊恐,A,0
益气复脉胶囊有哪些功效,益气复脉,疏通心脉,健胃和中,散寒通滞,肉芽新生,A,该方剂功效为益气复脉，养阴生津,A,1
同仁乌鸡白凤丸中臣药是哪些,想木,橘红,山慈姑,桑螵蛸,人参,E,该方剂君臣佐使为君药：乌鸡；臣药：熟地黄、银柴胡、天冬、白芍、黄芪、人参、山药、鹿角、当归、青蒿；佐药：桑螵蛸、芡实、川芎、香附、丹参、牡蛎；使药：甘草,D,0
川贝枇杷糖浆具有哪些功效,通络化痰,益心宁神,化痰止咳,利湿热,利湿化郁,C,该方剂功效为清热宣肺，化痰止咳,C,1
大活络胶囊包含哪些中药材,貂鞭,威灵仙,薏苡仁,脾水解物,桃金娘根,B,该方剂处方为蕲蛇、乌梢蛇、全蝎、地龙、天麻、威灵仙、制草乌、肉桂、细辛、麻黄、羌活、防风、松香、广藿香、豆蔻、僵蚕,E,0
大川芎颗粒具有哪些功效,解郁宽胸,补中,平肝息风,清暑热,辛温驱寒,C,该方剂功效为活血化瘀，平肝息风,C,1
归脾丸治疗哪些西医疾病,免疫性血小板减少性紫癜,慢性乙型病毒性肝炎,寒凝心脉,黄疸型肝炎,手足口病并发腹胀,A,该方剂西医疾病为神经性皮炎、失眠、免疫性血小板减少性紫癜、勃起功能障碍、化疗所致骨髓抑制、感音神经性聋、缺铁性贫血、男性不育症、干眼症、妇科恶性肿瘤术后并发抑郁、功能失调性子宫出血、功能性消化不良伴抑郁症、甲状腺功能减退、肝硬化继发脾功能亢进症、失眠症、过敏性紫癜、视神经萎缩、疱疹性皮炎、青光眼、上前牙突出导致的错颌畸形、肾炎/骨质疏松症、多发性脂肪囊肿、乌平顿病、新型冠状病毒肺炎、低钙高钙血症、遗传性角化性皮炎、Li-Fraumeni综合征、垂直距骨、角膜营养不良症、霍纳综合征、脱水型遗传性口腔粘膜细胞增多症、脾肿大、失聪、脂肪性水肿,A,1
妇科乌金丸与哪些靶点基因相关,FOLR1,RXRG,MAPK12,CYP24A1,GLO1,D,该方剂靶点基因为CYP24A1，PLCG1，PLCG2，RNASEL，CYP27B1，EBP，SRD5A2，PDPK1，PDPK1，PDPK1，PDPK1，PDPK1，PDPK1，PDPK1，PRKAB1，HTR1B，HTR1D，HTR1E，HTR1F，HTR2B等。,A,0
复方大青叶颗粒具有哪些功效,补血理气,益精养血,补肾缩尿,解表散风,散风固表,D,该方剂功效为清热解毒，解表散风,D,1
岩果止咳液适用于哪些中医证候,邪热壅肺证,风寒感冒证,外感头痛证,心脉瘀阻证,痰热蕴肺证,E,该方剂中医证候为痰热蕴肺证、痰热阻肺证,E,1
小儿清热止咳合剂中君药是哪些,猪胆粉,大麻药,桑枝,芦根,麻黄,E,该方剂君臣佐使为君药：麻黄、石膏；臣药：麻黄、杏仁、石膏、黄芩；佐药：板蓝根、北豆根；使药：甘草,D,0
十全大补合剂与哪些靶点基因相关,IARS2,YWHAG,GLB1,SLC6A2,POLB,B,该方剂靶点基因为YWHAG，PLCG1，PLCG2，RNASEL，EBP，SRD5A2，PDPK1，PDPK1，PDPK1，PDPK1，PDPK1，PDPK1，PDPK1，PRKAB1，HTR1B，HTR1D，HTR1E，HTR1F，HTR2B，HTR2C等。,A,0
心脉通胶囊与哪些靶点基因相关,TUFM,NPR3,PIK3CG,NCF4,RNASEL,C,该方剂靶点基因为YWHAG，PLCG1，PLCG2，EBP，SRD5A2，PRKAB1，HTR1B，HTR1D，HTR1E，HTR1F，HTR2B，HTR2C，HTR3A，HTR6，HTR7，ACHE，CHIA，ADA，ADK，ADORA1等。,A,0
阿胶益寿晶与哪些靶点基因相关,SLC16A8,TRIM13,ACTA1,GPR12,YWHAG,E,该方剂靶点基因为YWHAG，PLCG1，PLCG2，RNASEL，EBP，SRD5A2，PDPK1，PDPK1，PDPK1，PDPK1，PDPK1，PDPK1，PDPK1，PRKAB1，HTR1B，HTR1D，HTR1E，HTR1F，HTR2A，HTR2B等。,A,0
寒痛乐熨剂与哪些靶点基因相关,BACE1,LGALS4,CHRM4,MMP17,HTR1F,A,该方剂靶点基因为PLCG1，PLCG2，EBP，SRD5A2，PRKAB1，HTR1A，HTR1B，HTR1D，HTR1E，HTR1F，HTR2A，HTR2B，HTR2C，HTR3A，HTR6，HTR7，ACHE，ADA，ADK，ADORA1等。,C,0
维肤康乳膏有哪些功效,消除异常黏液质,活络生发,解表清热,温里散寒,解毒,E,该方剂功效为解毒，杀虫，疗疮，止痒,E,1
万通筋骨片适用于哪些西医疾病,高黏血症,关节痛,骨远端骨折,慢性肾炎，肝硬化,肛瘘,B,"该方剂西医疾病为关节痛、尿道下裂、上前牙突出导致的错颌畸形、46,XX男性性别逆转综合征、真皮皱褶、乳房和/或乳头、贫血、多发性脂肪囊肿、新型冠状病毒肺炎、乳腺癌-卵巢癌、低钙高钙血症、Li-Fraumeni综合征、白斑病、成髓不全症、霍纳综合征、李-弗劳米尼综合征、指纹模式相关的表型异常、四重单体、巨型水泥瘤",B,1
肖金丹适用于哪些中医疾病,耳眩晕,脱臼,黑头粉刺,瘿瘤,金钱癣,D,该方剂中医疾病为瘰疬，瘿瘤，阴疽,D,1
明目蒺藜丸中使药是哪些,制黄草乌,万丈深,焦槟榔,五香血藤,防风,E,该方剂君臣佐使为君药：蔓荆子、蒺藜、菊花、蝉蜕；臣药：石决明、决明子、密蒙花、旋覆花、荆芥、黄连、黄柏、薄荷、连翘、栀子、木贼、白芷、黄芩；佐药：地黄、川芎、赤芍、当归；使药：甘草、防风,C,0
金鸡片与哪些靶点基因相关,ADRB1,CACNA2D2,RAB8B,SRD5A2,GATM,D,该方剂靶点基因为SRD5A2，PDPK1，PDPK1，PDPK1，PDPK1，PDPK1，PDPK1，PDPK1，HTR1B，HTR1D，HTR2B，HTR2C，HTR3A，HTR6，HTR7，ACHE，LYPLA1，LYPLA2，ADORA1，ADORA3等。,A,0
七鞭回春乐胶囊治疗哪些中医证候,心气虚证,热盛动风证,阴虚肺热证,肾阳虚证,营分证证,D,该方剂中医证候为肾虚证、肾阳虚证,D,1
芙朴感冒胶囊治疗哪些中医证候,肝火亢盛证,燥痰阻肺证,气逆证,肺热喘咳证,阴虚证,C,该方剂中医证候为气逆证、风热犯表证,D,0
复方消食茶的类别是什么,祛暑剂,化瘀生新剂,消导剂,调和药,调经剂,C,该方剂类别为消导剂,C,1
镇痫片含有哪些中药材,木梳,扑尔敏,草莓,黄精,石菖蒲,E,该方剂处方为牛黄、朱砂、石菖蒲、郁金、胆南星、红参、甘草、珍珠母、莲子心、麦冬、酸枣仁、远志、茯苓,E,1
山莨菪麝香膏治疗哪些西医疾病,难治性前列腺炎,透析低血压,睾丸生殖细胞瘤,双角子宫伴部分阴道隔膜和单侧血性小肠结肠炎伴同侧肾发育不全,Li-Fraumeni综合征,E,该方剂西医疾病为疱疹性皮炎、骨痛、青光眼、肾炎/骨质疏松症、多发性脂肪囊肿、乌平顿病、新型冠状病毒肺炎、低钙高钙血症、遗传性角化性皮炎、Li-Fraumeni综合征、长骨金刚瘤、穆尔-托雷综合征、骨质疏松症、角膜营养不良症、霍纳综合征、脾肿大、失聪、脂肪性水肿,A,0
雪莲药酒包含哪些中药材,枸杞子,红穿破石,铅丹,珊瑚姜,瓦楞子,A,该方剂处方为雪莲花、红花、秦艽、羌活、独活、制川乌、新疆藁本、枸杞子、肉苁蓉、当归、熟地黄,A,1
党参固本丸含有哪些中药材,梧桐叶浸膏,瓜萎,诃子,槐叶,地黄,E,该方剂处方为党参、天冬、麦冬、地黄、熟地黄,E,1
